family,order,class,phylum,gene,n,n_res,f_res
1604HC,CAJXXZ01,Alphaproteobacteria,Pseudomonadota,gyrA,3,2,0.6666666666666666
172606-1,Cytophagales,Bacteroidia,Bacteroidota,gyrA,4,2,0.5
2013Ark19i,Burkholderiales,Gammaproteobacteria,Pseudomonadota,gyrA,2,0,0
AKS1,AKS1,Gammaproteobacteria,Pseudomonadota,gyrA,1,0,0
ASO4-4,Desulfobacterales,Desulfobacteria,Desulfobacterota,gyrA,4,2,0.5
Abditibacteriaceae,Abditibacteriales,Abditibacteriia,Armatimonadota,gyrA,1,0,0
Abyssicoccaceae,Staphylococcales,Bacilli,Bacillota,gyrA,1,0,0
Acanthopleuribacteraceae,Acanthopleuribacterales,Holophagae,Acidobacteriota,gyrA,2,1,0.5
Acetivibrionaceae,Acetivibrionales,Clostridia,Bacillota,gyrA,8,8,1
Acetobacteraceae,Acetobacterales,Alphaproteobacteria,Pseudomonadota,gyrA,202,55,0.2722772277227723
Acetohalobiaceae,Halobacteroidales,Halanaerobiia,Bacillota,gyrA,3,3,1
Acetomicrobiaceae,Synergistales,Synergistia,Synergistota,gyrA,3,3,1
Acetonemataceae,Sporomusales,Negativicutes,Bacillota,gyrA,2,0,0
Acholeplasmataceae,Acholeplasmatales,Bacilli_A,Bacillota_I,gyrA,39,0,0
Acidaminobacteraceae,Peptostreptococcales,Clostridia,Bacillota,gyrA,7,7,1
Acidaminococcaceae,Acidaminococcales,Negativicutes,Bacillota,gyrA,9,3,0.3333333333333333
Acidiferrobacteraceae,Acidiferrobacterales,Gammaproteobacteria,Pseudomonadota,gyrA,1,0,0
Acidihalobacteraceae,DSM-5130,Gammaproteobacteria,Pseudomonadota,gyrA,4,0,0
Acidilutibacteraceae,Tissierellales,Clostridia,Bacillota,gyrA,1,0,0
Acidimicrobiaceae,Acidimicrobiales,Acidimicrobiia,Actinomycetota,gyrA,4,2,0.5
Acidimicrobilacustridaceae,Acidimicrobiales,Acidimicrobiia,Actinomycetota,gyrA,2,0,0
Acidithiobacillaceae,Acidithiobacillales,Gammaproteobacteria,Pseudomonadota,gyrA,17,1,0.058823529411764705
Acidobacteriaceae,Terriglobales,Terriglobia,Acidobacteriota,gyrA,37,3,0.08108108108108109
Acidothermaceae,Acidothermales,Actinomycetes,Actinomycetota,gyrA,1,1,1
Actinomycetaceae,Actinomycetales,Actinomycetes,Actinomycetota,gyrA,127,75,0.5905511811023622
Actinopolymorphaceae,Propionibacteriales,Actinomycetes,Actinomycetota,gyrA,7,0,0
Acutalibacteraceae,Oscillospirales,Clostridia,Bacillota,gyrA,25,24,0.96
Aeribacillaceae,Bacillales,Bacilli,Bacillota,gyrA,4,1,0.25
Aerococcaceae,Lactobacillales,Bacilli,Bacillota,gyrA,50,3,0.06
Aeromonadaceae,Enterobacterales,Gammaproteobacteria,Pseudomonadota,gyrA,52,6,0.11538461538461539
Aerosakkonemataceae,Cyanobacteriales,Cyanobacteriia,Cyanobacteriota,gyrA,8,0,0
Aestuariirhabdaceae,Pseudomonadales,Gammaproteobacteria,Pseudomonadota,gyrA,2,0,0
Aestuariispiraceae,UBA8366,Alphaproteobacteria,Pseudomonadota,gyrA,6,0,0
Aestuariivirgaceae,Rhizobiales,Alphaproteobacteria,Pseudomonadota,gyrA,4,3,0.75
Afifellaceae,Rhizobiales,Alphaproteobacteria,Pseudomonadota,gyrA,5,0,0
Aggregatilineaceae,Aggregatilineales,Anaerolineae,Chloroflexota,gyrA,1,0,0
Ahniellaceae,Xanthomonadales,Gammaproteobacteria,Pseudomonadota,gyrA,1,0,0
Akkermansiaceae,Verrucomicrobiales,Verrucomicrobiia,Verrucomicrobiota,gyrA,23,5,0.21739130434782608
Alcanivoracaceae,Pseudomonadales,Gammaproteobacteria,Pseudomonadota,gyrA,20,0,0
Alicyclobacillaceae,Alicyclobacillales,Bacilli,Bacillota,gyrA,13,5,0.38461538461538464
Alkalibacillaceae,Bacillales,Bacilli,Bacillota,gyrA,23,0,0
Alkalibacteraceae,Eubacteriales,Clostridia,Bacillota,gyrA,5,0,0
Alkalispirochaetaceae,DSM-27196,Spirochaetia,Spirochaetota,gyrA,2,0,0
Allostellaceae,ATCC43930,Alphaproteobacteria,Pseudomonadota,gyrA,1,0,0
Alteromonadaceae,Enterobacterales,Gammaproteobacteria,Pseudomonadota,gyrA,216,5,0.023148148148148147
Amarolineaceae,SSC4,Anaerolineae,Chloroflexota,gyrA,1,1,1
Aminiphilaceae,Synergistales,Synergistia,Synergistota,gyrA,1,0,0
Aminithiophilaceae,Synergistales,Synergistia,Synergistota,gyrA,1,1,1
Aminobacteriaceae,Synergistales,Synergistia,Synergistota,gyrA,5,1,0.2
Ammonificaceae,Desulfotomaculales,Desulfotomaculia,Bacillota,gyrA,4,4,1
Amoebophilaceae,Cytophagales,Bacteroidia,Bacteroidota,gyrA,11,9,0.8181818181818182
Amorphaceae,Rhizobiales,Alphaproteobacteria,Pseudomonadota,gyrA,8,0,0
Amphibacillaceae,Bacillales,Bacilli,Bacillota,gyrA,168,3,0.017857142857142856
Anaerobacaceae,Sedimentisphaerales,Phycisphaerae,Planctomycetota,gyrA,1,1,1
Anaerobacillaceae,Bacillales,Bacilli,Bacillota,gyrA,4,0,0
Anaerofustaceae,Eubacteriales,Clostridia,Bacillota,gyrA,2,0,0
Anaerohalosphaeraceae,Sedimentisphaerales,Phycisphaerae,Planctomycetota,gyrA,2,2,1
Anaerolineaceae,Anaerolineales,Anaerolineae,Chloroflexota,gyrA,12,1,0.08333333333333333
Anaeromusaceae,Anaeromusales,Negativicutes,Bacillota,gyrA,1,0,0
Anaeromyxobacteraceae,Myxococcales,Myxococcia,Myxococcota,gyrA,7,3,0.42857142857142855
Anaeroplasmataceae,Acholeplasmatales,Bacilli_A,Bacillota_I,gyrA,1,0,0
Anaerosomataceae,Anaerosomatales,Coriobacteriia,Actinomycetota,gyrA,2,0,0
Anaerotignaceae,Lachnospirales,Clostridia,Bacillota,gyrA,5,1,0.2
Anaerovoracaceae,Peptostreptococcales,Clostridia,Bacillota,gyrA,20,1,0.05
Anaplasmataceae,Rickettsiales,Alphaproteobacteria,Pseudomonadota,gyrA,331,204,0.6163141993957704
Ancalomicrobiaceae,Rhizobiales,Alphaproteobacteria,Pseudomonadota,gyrA,5,0,0
Aneurinibacillaceae,Aneurinibacillales,Bacilli,Bacillota,gyrA,9,5,0.5555555555555556
Angustibacteraceae,Actinomycetales,Actinomycetes,Actinomycetota,gyrA,4,1,0.25
Anoxybacillaceae,Bacillales,Bacilli,Bacillota,gyrA,38,37,0.9736842105263158
Anthocerotibacteraceae,Gloeobacterales,Cyanobacteriia,Cyanobacteriota,gyrA,1,0,0
Antricoccaceae,Mycobacteriales,Actinomycetes,Actinomycetota,gyrA,4,0,0
Aquaspirillaceae,Burkholderiales,Gammaproteobacteria,Pseudomonadota,gyrA,6,0,0
Aquidulcibacteraceae,Caulobacterales,Alphaproteobacteria,Pseudomonadota,gyrA,3,0,0
Aquisalimonadaceae,Nitrococcales,Gammaproteobacteria,Pseudomonadota,gyrA,4,0,0
Arcobacteraceae,Campylobacterales,Campylobacteria,Campylobacterota,gyrA,42,1,0.023809523809523808
Ardenticatenaceae,Ardenticatenales,Anaerolineae,Chloroflexota,gyrA,1,0,0
Arenicellaceae,Arenicellales,Gammaproteobacteria,Pseudomonadota,gyrA,2,0,0
Aristaeellaceae,Christensenellales,Clostridia,Bacillota,gyrA,4,0,0
Armatimonadaceae,Armatimonadales,Armatimonadia,Armatimonadota,gyrA,1,0,0
Atopobiaceae,Coriobacteriales,Coriobacteriia,Actinomycetota,gyrA,28,10,0.35714285714285715
Atribacteraceae,Atribacterales,Atribacteria,Atribacterota,gyrA,1,0,0
Aurantibacillaceae,B-17B0,Bacteroidia,Bacteroidota,gyrA,1,1,1
Azoamicaceae,UBA6186,Gammaproteobacteria,Pseudomonadota,gyrA,1,1,1
Azobacteroidaceae,Bacteroidales,Bacteroidia,Bacteroidota,gyrA,1,0,0
Azospirillaceae,Azospirillales,Alphaproteobacteria,Pseudomonadota,gyrA,52,0,0
B231,B231,Cyanobacteriia,Cyanobacteriota,gyrA,1,0,0
BH030062,Bacillales,Bacilli,Bacillota,gyrA,7,0,0
BOQE01,Tumebacillales,Bacilli,Bacillota,gyrA,1,0,0
Babelaceae,Babelales,Babeliae,Babelota,gyrA,1,1,1
Bacillaceae,Bacillales,Bacilli,Bacillota,gyrA,160,4,0.025
Bacillaceae_B,Bacillales,Bacilli,Bacillota,gyrA,9,0,0
Bacillaceae_C,Bacillales,Bacilli,Bacillota,gyrA,28,3,0.10714285714285714
Bacillaceae_D,Bacillales,Bacilli,Bacillota,gyrA,40,1,0.025
Bacillaceae_F,Bacillales,Bacilli,Bacillota,gyrA,5,0,0
Bacillaceae_G,Bacillales,Bacilli,Bacillota,gyrA,10,3,0.3
Bacillaceae_H,Bacillales,Bacilli,Bacillota,gyrA,10,1,0.1
Bacillaceae_I,Bacillales,Bacilli,Bacillota,gyrA,6,0,0
Bacillaceae_J,Bacillales,Bacilli,Bacillota,gyrA,4,0,0
Bacillaceae_L,Bacillales,Bacilli,Bacillota,gyrA,9,2,0.2222222222222222
Bacteriovoracaceae,Bacteriovoracales,Bacteriovoracia,Bdellovibrionota,gyrA,5,5,1
Bacteroidaceae,Bacteroidales,Bacteroidia,Bacteroidota,gyrA,116,90,0.7758620689655172
Balneatricaceae,Pseudomonadales,Gammaproteobacteria,Pseudomonadota,gyrA,53,0,0
Balneicellaceae,Bacteroidales,Bacteroidia,Bacteroidota,gyrA,1,1,1
Balneolaceae,Balneolales,Rhodothermia,Bacteroidota,gyrA,21,0,0
Barnesiellaceae,Bacteroidales,Bacteroidia,Bacteroidota,gyrA,3,1,0.3333333333333333
Bdellovibrionaceae,Bdellovibrionales,Bdellovibrionia,Bdellovibrionota,gyrA,5,3,0.6
Beggiatoaceae,Beggiatoales,Gammaproteobacteria,Pseudomonadota,gyrA,4,0,0
Beijerinckiaceae,Rhizobiales,Alphaproteobacteria,Pseudomonadota,gyrA,164,33,0.20121951219512196
Berkiellaceae,Berkiellales,Gammaproteobacteria,Pseudomonadota,gyrA,2,0,0
Bernardetiaceae,Cytophagales,Bacteroidia,Bacteroidota,gyrA,3,0,0
Beutenbergiaceae,Actinomycetales,Actinomycetes,Actinomycetota,gyrA,19,2,0.10526315789473684
Bianqueaceae,Lachnospirales,Clostridia,Bacillota,gyrA,1,0,0
Bifidobacteriaceae,Actinomycetales,Actinomycetes,Actinomycetota,gyrA,122,55,0.45081967213114754
Blattabacteriaceae,Flavobacteriales,Bacteroidia,Bacteroidota,gyrA,7,4,0.5714285714285714
Borkfalkiaceae,Christensenellales,Clostridia,Bacillota,gyrA,1,0,0
Borreliaceae,Borreliales,Spirochaetia,Spirochaetota,gyrA,43,0,0
Brachyspiraceae,Brachyspirales,Brachyspiria,Spirochaetota,gyrA,11,11,1
Bradymonadaceae,Bradymonadales,Bradymonadia,Myxococcota_A,gyrA,6,0,0
Brevibacillaceae,Brevibacillales,Bacilli,Bacillota,gyrA,32,2,0.0625
Brevibacteriaceae,Actinomycetales,Actinomycetes,Actinomycetota,gyrA,42,0,0
Breznakiellaceae,Treponematales,Spirochaetia,Spirochaetota,gyrA,3,2,0.6666666666666666
Brocadiaceae,Brocadiales,Brocadiia,Planctomycetota,gyrA,3,0,0
Bryobacteraceae,Bryobacterales,Terriglobia,Acidobacteriota,gyrA,2,0,0
Burkholderiaceae,Burkholderiales,Gammaproteobacteria,Pseudomonadota,gyrA,307,57,0.18566775244299674
Burkholderiaceae_B,Burkholderiales,Gammaproteobacteria,Pseudomonadota,gyrA,125,7,0.056
Burkholderiaceae_C,Burkholderiales,Gammaproteobacteria,Pseudomonadota,gyrA,331,13,0.03927492447129909
Burkholderiaceae_D,Burkholderiales,Gammaproteobacteria,Pseudomonadota,gyrA,97,72,0.7422680412371134
Burkholderiaceae_E,Burkholderiales,Gammaproteobacteria,Pseudomonadota,gyrA,7,0,0
Burkholderiaceae_F,Burkholderiales,Gammaproteobacteria,Pseudomonadota,gyrA,11,3,0.2727272727272727
Butyricicoccaceae,Oscillospirales,Clostridia,Bacillota,gyrA,13,13,1
CAIULA01,Paracaedibacterales,Alphaproteobacteria,Pseudomonadota,gyrA,1,0,0
CAIYMF01,S36-B12,Actinomycetes,Actinomycetota,gyrA,1,0,0
CAMTGL01,Enterobacterales,Gammaproteobacteria,Pseudomonadota,gyrA,1,0,0
CBDFNC01,Enterobacterales,Gammaproteobacteria,Pseudomonadota,gyrA,4,0,0
CCAP-1448,Cyanobacteriales,Cyanobacteriia,Cyanobacteriota,gyrA,1,0,0
CECT-8803,Kiloniellales,Alphaproteobacteria,Pseudomonadota,gyrA,1,0,0
CGMCC-115125,CGMCC-115125,Alphaproteobacteria,Pseudomonadota,gyrA,1,0,0
CGMCC-115725,ATCC43930,Alphaproteobacteria,Pseudomonadota,gyrA,1,0,0
Caldalkalibacillaceae,Caldalkalibacillales,Bacilli,Bacillota,gyrA,5,0,0
Caldanaerobiaceae,Thermoanaerobacterales,Thermoanaerobacteria,Bacillota,gyrA,2,2,1
Caldatribacteriaceae,Atribacterales,Atribacteria,Atribacterota,gyrA,1,0,0
Calderihabitantaceae,Calderihabitantales,KKC1,Bacillota,gyrA,1,1,1
Caldibacillaceae,Bacillales,Bacilli,Bacillota,gyrA,7,1,0.14285714285714285
Caldicellulosiruptoraceae,Caldicellulosiruptorales,Thermoanaerobacteria,Bacillota,gyrA,10,10,1
Caldicoprobacteraceae,Caldicoprobacterales,Clostridia,Bacillota,gyrA,3,3,1
Caldilineaceae,Caldilineales,Anaerolineae,Chloroflexota,gyrA,3,1,0.3333333333333333
Caldisalinibacteraceae,Tissierellales,Clostridia,Bacillota,gyrA,1,0,0
Caldisericaceae,Caldisericales,Caldisericia,Caldisericota,gyrA,2,0,0
Calditerricolaceae,Calditerricolales,Bacilli,Bacillota,gyrA,2,2,1
Calditerrivibrionaceae,Deferribacterales,Deferribacteres,Chrysiogenota,gyrA,1,0,0
Calditrichaceae,Calditrichales,Calditrichia,Calditrichota,gyrA,1,0,0
Caloramatoraceae,Clostridiales,Clostridia,Bacillota,gyrA,8,0,0
Caminicellaceae,Peptostreptococcales,Clostridia,Bacillota,gyrA,4,1,0.25
Campylobacteraceae,Campylobacterales,Campylobacteria,Campylobacterota,gyrA,56,10,0.17857142857142858
Capsulimonadaceae,Armatimonadales,Armatimonadia,Armatimonadota,gyrA,1,1,1
Carbonactinosporaceae,Streptomycetales,Actinomycetes,Actinomycetota,gyrA,1,1,1
Carboxydocellaceae,Carboxydocellales,GCA-003054495,Bacillota,gyrA,1,0,0
Carboxydothermaceae,Carboxydothermales,Z-2901,Bacillota,gyrA,4,4,1
Cardiobacteriaceae,Cardiobacteriales,Gammaproteobacteria,Pseudomonadota,gyrA,6,1,0.16666666666666666
Carnobacteriaceae,Lactobacillales,Bacilli,Bacillota,gyrA,15,0,0
Carnobacteriaceae_A,Lactobacillales,Bacilli,Bacillota,gyrA,20,0,0
Casimicrobiaceae,Burkholderiales,Gammaproteobacteria,Pseudomonadota,gyrA,1,0,0
Catellicoccaceae,Lactobacillales,Bacilli,Bacillota,gyrA,1,0,0
Catenulisporaceae,Streptomycetales,Actinomycetes,Actinomycetota,gyrA,10,6,0.6
Caulobacteraceae,Caulobacterales,Alphaproteobacteria,Pseudomonadota,gyrA,80,63,0.7875
Celerinatantimonadaceae,Enterobacterales,Gammaproteobacteria,Pseudomonadota,gyrA,12,0,0
Cellulomonadaceae,Actinomycetales,Actinomycetes,Actinomycetota,gyrA,144,3,0.020833333333333332
Cellulosilyticaceae,Lachnospirales,Clostridia,Bacillota,gyrA,5,2,0.4
Cellvibrionaceae,Pseudomonadales,Gammaproteobacteria,Pseudomonadota,gyrA,77,1,0.012987012987012988
Cerasicoccaceae,Opitutales,Verrucomicrobiia,Verrucomicrobiota,gyrA,6,1,0.16666666666666666
Chamaesiphonaceae,Cyanobacteriales,Cyanobacteriia,Cyanobacteriota,gyrA,2,0,0
Chitinibacteraceae,Burkholderiales,Gammaproteobacteria,Pseudomonadota,gyrA,34,9,0.2647058823529412
Chitinimonadaceae,Burkholderiales,Gammaproteobacteria,Pseudomonadota,gyrA,8,3,0.375
Chitinispirillaceae,Chitinivibrionales,Chitinivibrionia,Fibrobacterota,gyrA,1,0,0
Chitinivibrionaceae,Chitinivibrionales,Chitinivibrionia,Fibrobacterota,gyrA,1,0,0
Chitinophagaceae,Chitinophagales,Bacteroidia,Bacteroidota,gyrA,156,75,0.4807692307692308
Chlamydiaceae,Chlamydiales,Chlamydiia,Chlamydiota,gyrA,22,1,0.045454545454545456
Chloracidobacteriaceae,Chloracidobacteriales,Blastocatellia,Acidobacteriota,gyrA,3,2,0.6666666666666666
Chlorobiaceae,Chlorobiales,Chlorobiia,Bacteroidota,gyrA,13,0,0
Chloroflexaceae,Chloroflexales,Chloroflexia,Chloroflexota,gyrA,4,0,0
Chloroheliaceae,Chloroheliales,Chloroflexia,Chloroflexota,gyrA,1,0,0
Chloroherpetonaceae,Chlorobiales,Chlorobiia,Bacteroidota,gyrA,1,0,0
Christensenellaceae,Christensenellales,Clostridia,Bacillota,gyrA,7,1,0.14285714285714285
Chromatiaceae,Chromatiales,Gammaproteobacteria,Pseudomonadota,gyrA,41,2,0.04878048780487805
Chromobacteriaceae,Burkholderiales,Gammaproteobacteria,Pseudomonadota,gyrA,48,2,0.041666666666666664
Chromulinivoraceae,Babelales,Babeliae,Babelota,gyrA,1,1,1
Chroococcidiopsidaceae,Cyanobacteriales,Cyanobacteriia,Cyanobacteriota,gyrA,6,0,0
Chrysiogenaceae,Chrysiogenales,Chrysiogenetes,Chrysiogenota,gyrA,4,0,0
Chthoniobacteraceae,Chthoniobacterales,Verrucomicrobiia,Verrucomicrobiota,gyrA,1,0,0
Chthonomonadaceae,Chthonomonadales,Chthonomonadetes,Armatimonadota,gyrA,1,1,1
Cloacimonadaceae,Cloacimonadales,Cloacimonadia,Cloacimonadota,gyrA,2,0,0
Clostridiaceae,Clostridiales,Clostridia,Bacillota,gyrA,197,34,0.17258883248730963
Clostridiisalibacteraceae,Tissierellales,Clostridia,Bacillota,gyrA,1,0,0
Cohaesibacteraceae,Rhizobiales,Alphaproteobacteria,Pseudomonadota,gyrA,6,0,0
Coleofasciculaceae,Cyanobacteriales,Cyanobacteriia,Cyanobacteriota,gyrA,5,0,0
Comchoanobacteraceae,Comchoanobacterales,Gammaproteobacteria,Pseudomonadota,gyrA,2,0,0
Competibacteraceae,Competibacterales,Gammaproteobacteria,Pseudomonadota,gyrA,4,0,0
Coprobacillaceae,Erysipelotrichales,Bacilli_A,Bacillota_I,gyrA,19,0,0
Coprobacteraceae,Bacteroidales,Bacteroidia,Bacteroidota,gyrA,3,0,0
Coraliomargaritaceae,Opitutales,Verrucomicrobiia,Verrucomicrobiota,gyrA,6,0,0
Coriobacteriaceae,Coriobacteriales,Coriobacteriia,Actinomycetota,gyrA,18,9,0.5
Coxiellaceae,Coxiellales,Gammaproteobacteria,Pseudomonadota,gyrA,9,9,1
Criblamydiaceae,Chlamydiales,Chlamydiia,Chlamydiota,gyrA,2,0,0
Crocinitomicaceae,Flavobacteriales_D,Bacteroidia,Bacteroidota,gyrA,14,0,0
Cryomorphaceae,Flavobacteriales_D,Bacteroidia,Bacteroidota,gyrA,1,0,0
Cryptosporangiaceae,Mycobacteriales,Actinomycetes,Actinomycetota,gyrA,5,0,0
Culicoidibacteraceae,Culicoidibacterales,Bacilli_A,Bacillota_I,gyrA,1,1,1
Cyanobacteriaceae,Cyanobacteriales,Cyanobacteriia,Cyanobacteriota,gyrA,7,1,0.14285714285714285
Cyanobiaceae,PCC-6307,Cyanobacteriia,Cyanobacteriota,gyrA,5,0,0
Cyclobacteriaceae,Cytophagales,Bacteroidia,Bacteroidota,gyrA,167,12,0.0718562874251497
Cycloclasticaceae,Methylococcales,Gammaproteobacteria,Pseudomonadota,gyrA,1,0,0
Cyclonatronaceae,Balneolales,Rhodothermia,Bacteroidota,gyrA,1,0,0
Cytobacillaceae,Bacillales,Bacilli,Bacillota,gyrA,83,3,0.03614457831325301
Cytophagaceae,Cytophagales,Bacteroidia,Bacteroidota,gyrA,3,1,0.3333333333333333
DA-C8,Paenibacillales,Bacilli,Bacillota,gyrA,1,1,1
DRI-13,DRI-13,Peptococcia,Bacillota,gyrA,1,0,0
DSM-100275,DSM-100275,Gammaproteobacteria,Pseudomonadota,gyrA,1,1,1
DSM-105158,Paenibacillales,Bacilli,Bacillota,gyrA,1,0,0
DSM-12255,Geobacterales,Desulfuromonadia,Desulfobacterota,gyrA,1,0,0
DSM-1321,Bacillales,Bacilli,Bacillota,gyrA,24,2,0.08333333333333333
DSM-13327,DSM-13327,Negativicutes,Bacillota,gyrA,3,0,0
DSM-1351,Acetivibrionales,Clostridia,Bacillota,gyrA,7,7,1
DSM-15969,Sporomusales,Negativicutes,Bacillota,gyrA,1,0,0
DSM-16500,DSM-16500,Gammaproteobacteria,Pseudomonadota,gyrA,2,0,0
DSM-19610,DSM-19610,Gammaproteobacteria,Pseudomonadota,gyrA,1,0,0
DSM-21159,Kiloniellales,Alphaproteobacteria,Pseudomonadota,gyrA,7,0,0
DSM-22653,Thermicanales,Bacilli,Bacillota,gyrA,2,2,1
DSM-22679,DSM-22679,Bacilli,Bacillota,gyrA,1,1,1
DSM-23947,Bacillales,Bacilli,Bacillota,gyrA,1,0,0
DSM-2461,DSM-2461,Spirochaetia,Spirochaetota,gyrA,2,1,0.5
DSM-24629,Lachnospirales,Clostridia,Bacillota,gyrA,2,0,0
DSM-25080,Pseudomonadales,Gammaproteobacteria,Pseudomonadota,gyrA,1,0,0
DSM-25281,Bacillales,Bacilli,Bacillota,gyrA,2,0,0
DSM-26407,DSM-26407,Gammaproteobacteria,Pseudomonadota,gyrA,1,1,1
DSM-27016,Acetivibrionales,Clostridia,Bacillota,gyrA,1,1,1
DSM-28697,Bacillales,Bacilli,Bacillota,gyrA,2,0,0
DSM-2933,Acetivibrionales,Clostridia,Bacillota,gyrA,1,1,1
DSM-44946,Thermoactinomycetales,Bacilli,Bacillota,gyrA,2,2,1
DSM-45169,Thermoactinomycetales,Bacilli,Bacillota,gyrA,14,10,0.7142857142857143
DSM-5069,Thermotogales,Thermotogae,Thermotogota,gyrA,6,4,0.6666666666666666
DSM-8532,DSM-8532,Clostridia,Bacillota,gyrA,2,2,1
DSM-9756,Syntrophobacterales,Syntrophobacteria,Desulfobacterota,gyrA,5,4,0.8
DTU029,Halanaerobiales,Halanaerobiia,Bacillota,gyrA,1,1,1
DY22613,DY22613,Halanaerobiia,Bacillota,gyrA,1,1,1
Dasaniaceae,Pseudomonadales,Gammaproteobacteria,Pseudomonadota,gyrA,3,0,0
Deferribacteraceae,Deferribacterales,Deferribacteres,Chrysiogenota,gyrA,4,2,0.5
Deferrisomataceae,Deferrisomatales,Deferrisomatia,Desulfobacterota,gyrA,2,2,1
Deferrivibrionaceae,Deferribacterales,Deferribacteres,Chrysiogenota,gyrA,2,2,1
Defluviitaleaceae,Lachnospirales,Clostridia,Bacillota,gyrA,3,0,0
Dehalobacteriaceae,Dehalobacteriales,Dehalobacteriia,Bacillota,gyrA,2,0,0
Dehalococcoidaceae,Dehalococcoidales,Dehalococcoidia,Chloroflexota,gyrA,5,0,0
Deianiraeaceae,Rickettsiales,Alphaproteobacteria,Pseudomonadota,gyrA,1,0,0
Deinococcaceae,Deinococcales,Deinococci,Deinococcota,gyrA,89,11,0.12359550561797752
Demequinaceae,Actinomycetales,Actinomycetes,Actinomycetota,gyrA,25,0,0
Dendrosporobacteraceae,DSM-1736,Negativicutes,Bacillota,gyrA,1,0,0
Dermabacteraceae,Actinomycetales,Actinomycetes,Actinomycetota,gyrA,29,0,0
Dermatophilaceae,Actinomycetales,Actinomycetes,Actinomycetota,gyrA,111,2,0.018018018018018018
Desertifilaceae,Cyanobacteriales,Cyanobacteriia,Cyanobacteriota,gyrA,6,0,0
Desulfallaceae,Desulfotomaculales,Desulfotomaculia,Bacillota,gyrA,5,3,0.6
Desulfarculaceae,Desulfarculales,Desulfarculia,Desulfobacterota,gyrA,3,0,0
Desulfatibacillaceae,Desulfobacterales,Desulfobacteria,Desulfobacterota,gyrA,2,2,1
Desulfatiglandaceae,Desulfatiglandales,DSM-4660,Desulfobacterota,gyrA,2,1,0.5
Desulfatirhabdiaceae,Desulfobacterales,Desulfobacteria,Desulfobacterota,gyrA,1,0,0
Desulfitibacteraceae,Desulfitibacterales,DSM-16504,Bacillota,gyrA,1,0,0
Desulfitisporaceae,Desulfitisporales,Desulfitisporia,Bacillota,gyrA,1,0,0
Desulfitobacteriaceae,Desulfitobacteriales,Desulfitobacteriia,Bacillota,gyrA,25,2,0.08
Desulfobaccaceae,Desulfobaccales,Desulfobaccia,Desulfobacterota,gyrA,1,0,0
Desulfobacteraceae,Desulfobacterales,Desulfobacteria,Desulfobacterota,gyrA,14,0,0
Desulfobulbaceae,Desulfobulbales,Desulfobulbia,Desulfobacterota,gyrA,11,0,0
Desulfocapsaceae,Desulfobulbales,Desulfobulbia,Desulfobacterota,gyrA,11,1,0.09090909090909091
Desulfococcaceae,Desulfobacterales,Desulfobacteria,Desulfobacterota,gyrA,4,0,0
Desulfocucumaceae,Desulfotomaculales,Desulfotomaculia,Bacillota,gyrA,1,0,0
Desulfofarciminaceae,Desulfotomaculales,Desulfotomaculia,Bacillota,gyrA,2,2,1
Desulfofervidaceae,Desulfofervidales,Desulfofervidia,Desulfobacterota,gyrA,1,0,0
Desulfohalobiaceae,Desulfovibrionales,Desulfovibrionia,Desulfobacterota,gyrA,1,1,1
Desulfohalotomaculaceae,Desulfotomaculales,Desulfotomaculia,Bacillota,gyrA,2,2,1
Desulfolunaceae,Desulfobacterales,Desulfobacteria,Desulfobacterota,gyrA,3,0,0
Desulfomicrobiaceae,Desulfovibrionales,Desulfovibrionia,Desulfobacterota,gyrA,10,1,0.1
Desulfomonilaceae,Desulfomonilales,Desulfomonilia,Desulfobacterota,gyrA,1,1,1
Desulfonatronaceae,Desulfovibrionales,Desulfovibrionia,Desulfobacterota,gyrA,5,0,0
Desulfonatronovibrionaceae,Desulfovibrionales,Desulfovibrionia,Desulfobacterota,gyrA,6,2,0.3333333333333333
Desulfonisporaceae,Peptococcales,Peptococcia,Bacillota,gyrA,1,0,0
Desulforegulaceae,Desulfobacterales,Desulfobacteria,Desulfobacterota,gyrA,1,0,0
Desulforudaceae,Desulfotomaculales,Desulfotomaculia,Bacillota,gyrA,1,1,1
Desulfosalsimonadaceae,Desulfobacterales,Desulfobacteria,Desulfobacterota,gyrA,1,0,0
Desulfosarcinaceae,Desulfobacterales,Desulfobacteria,Desulfobacterota,gyrA,7,1,0.14285714285714285
Desulfosudaceae,Desulfobacterales,Desulfobacteria,Desulfobacterota,gyrA,1,0,0
Desulfothermaceae,Desulfovibrionales,Desulfovibrionia,Desulfobacterota,gyrA,3,2,0.6666666666666666
Desulfotomaculaceae,Desulfotomaculales,Desulfotomaculia,Bacillota,gyrA,3,0,0
Desulfovibrionaceae,Desulfovibrionales,Desulfovibrionia,Desulfobacterota,gyrA,89,5,0.056179775280898875
Desulfovirgulaceae,Desulfotomaculales,Desulfotomaculia,Bacillota,gyrA,8,0,0
Desulfurellaceae,Desulfurellales,Desulfurellia,Campylobacterota_A,gyrA,2,0,0
Desulfuribacillaceae,Desulfuribacillales,Bacilli,Bacillota,gyrA,2,0,0
Desulfurisporaceae,Desulfotomaculales,Desulfotomaculia,Bacillota,gyrA,1,1,1
Desulfurivibrionaceae,Desulfobulbales,Desulfobulbia,Desulfobacterota,gyrA,5,0,0
Desulfurobacteriaceae,Desulfurobacteriales,Aquificia,Aquificota,gyrA,6,0,0
Desulfuromonadaceae,Desulfuromonadales,Desulfuromonadia,Desulfobacterota,gyrA,6,0,0
Dethiobacteraceae,Dethiobacterales,Dethiobacteria,Bacillota,gyrA,1,0,0
Dethiosulfatibacteraceae,Tissierellales,Clostridia,Bacillota,gyrA,1,0,0
Dethiosulfovibrionaceae,Synergistales,Synergistia,Synergistota,gyrA,9,2,0.2222222222222222
Devosiaceae,Rhizobiales,Alphaproteobacteria,Pseudomonadota,gyrA,62,14,0.22580645161290322
Dialisteraceae,Veillonellales,Negativicutes,Bacillota,gyrA,6,1,0.16666666666666666
Dictyoglomaceae,Dictyoglomales,Dictyoglomia,Dictyoglomota,gyrA,2,2,1
Dissulfuribacteraceae,Dissulfuribacterales,Dissulfuribacteria,Desulfobacterota,gyrA,1,1,1
Dissulfurirhabdaceae,Dissulfuribacterales,Dissulfuribacteria,Desulfobacterota,gyrA,1,0,0
Dissulfurispiraceae,Thermodesulfovibrionales,Thermodesulfovibrionia,Nitrospirota,gyrA,1,0,0
Domibacillaceae,Bacillales,Bacilli,Bacillota,gyrA,11,0,0
Dongiaceae,Dongiales,Alphaproteobacteria,Pseudomonadota,gyrA,8,3,0.375
Dysgonomonadaceae,Bacteroidales,Bacteroidia,Bacteroidota,gyrA,14,8,0.5714285714285714
Ectothiorhodospiraceae,Ectothiorhodospirales,Gammaproteobacteria,Pseudomonadota,gyrA,16,0,0
Effusibacillaceae,Tumebacillales,Bacilli,Bacillota,gyrA,4,0,0
Eggerthellaceae,Coriobacteriales,Coriobacteriia,Actinomycetota,gyrA,46,10,0.21739130434782608
Egibacteraceae,Euzebyales,Nitriliruptoria,Actinomycetota,gyrA,1,0,0
Elainellaceae,Elainellales,Cyanobacteriia,Cyanobacteriota,gyrA,5,0,0
Elsteraceae,Elsterales,Alphaproteobacteria,Pseudomonadota,gyrA,3,2,0.6666666666666666
Elusimicrobiaceae,Elusimicrobiales,Elusimicrobia,Elusimicrobiota,gyrA,5,0,0
Emcibacteraceae,Sphingomonadales,Alphaproteobacteria,Pseudomonadota,gyrA,4,0,0
Endomicrobiaceae,Endomicrobiales,Endomicrobiia,Elusimicrobiota,gyrA,2,1,0.5
Endozoicomonadaceae,Pseudomonadales,Gammaproteobacteria,Pseudomonadota,gyrA,12,0,0
Enterobacteriaceae,Enterobacterales,Gammaproteobacteria,Pseudomonadota,gyrA,558,26,0.04659498207885305
Enterobacteriaceae_A,Enterobacterales,Gammaproteobacteria,Pseudomonadota,gyrA,2,2,1
Enterococcaceae,Lactobacillales,Bacilli,Bacillota,gyrA,93,1,0.010752688172043012
Erysipelotrichaceae,Erysipelotrichales,Bacilli_A,Bacillota_I,gyrA,43,8,0.18604651162790697
Ethanoligenentaceae,Oscillospirales,Clostridia,Bacillota,gyrA,1,1,1
Eubacteriaceae,Eubacteriales,Clostridia,Bacillota,gyrA,27,10,0.37037037037037035
Euzebyaceae,Euzebyales,Nitriliruptoria,Actinomycetota,gyrA,4,0,0
Exiguobacteriaceae,Exiguobacteriales,Bacilli,Bacillota,gyrA,18,0,0
F082,Bacteroidales,Bacteroidia,Bacteroidota,gyrA,1,0,0
FACHB-46,FACHB-46,Cyanobacteriia,Cyanobacteriota,gyrA,1,0,0
FACHB-T130,Cyanobacteriales,Cyanobacteriia,Cyanobacteriota,gyrA,1,0,0
Fastidiosipilaceae,Saccharofermentanales,Clostridia,Bacillota,gyrA,4,3,0.75
Feifaniaceae,Oscillospirales,Clostridia,Bacillota,gyrA,1,1,1
Ferrovaceae,Burkholderiales,Gammaproteobacteria,Pseudomonadota,gyrA,1,0,0
Ferrovibrionaceae,Ferrovibrionales,Alphaproteobacteria,Pseudomonadota,gyrA,5,1,0.2
Fervidibacteraceae,Fervidibacterales,Fervidibacteria,Armatimonadota,gyrA,1,1,1
Fervidobacteriaceae,Thermotogales,Thermotogae,Thermotogota,gyrA,14,12,0.8571428571428571
Fibrobacteraceae,Fibrobacterales,Fibrobacteria,Fibrobacterota,gyrA,4,3,0.75
Fictibacillaceae,Bacillales,Bacilli,Bacillota,gyrA,20,0,0
Fidelibacteraceae,Fidelibacterales,Fidelibacteria,Fidelibacterota,gyrA,1,0,0
Filifactoraceae,Peptostreptococcales,Clostridia,Bacillota,gyrA,7,1,0.14285714285714285
Fimbriimonadaceae,Fimbriimonadales,Fimbriimonadia,Armatimonadota,gyrA,1,1,1
Flammeovirgaceae,Cytophagales,Bacteroidia,Bacteroidota,gyrA,12,1,0.08333333333333333
Flavobacteriaceae,Flavobacteriales,Bacteroidia,Bacteroidota,gyrA,1004,16,0.01593625498007968
Flexibacteraceae,Cytophagales,Bacteroidia,Bacteroidota,gyrA,1,0,0
Flexistipitaceae,Deferribacterales,Deferribacteres,Chrysiogenota,gyrA,1,1,1
Fontisphaeraceae,Limisphaerales,Verrucomicrobiia,Verrucomicrobiota,gyrA,1,0,0
Francisellaceae,Francisellales,Gammaproteobacteria,Pseudomonadota,gyrA,19,0,0
Frankiaceae,Frankiales,Actinomycetes,Actinomycetota,gyrA,17,0,0
Fusobacteriaceae,Fusobacteriales,Fusobacteriia,Fusobacteriota,gyrA,30,29,0.9666666666666667
Futianiaceae,Futianiales,Alphaproteobacteria,Pseudomonadota,gyrA,1,0,0
G021065005,CAJXXZ01,Alphaproteobacteria,Pseudomonadota,gyrA,1,0,0
GCA-002686595,UBA1135,UBA1135,Planctomycetota,gyrA,3,0,0
GCA-900066905,Christensenellales,Clostridia,Bacillota,gyrA,1,0,0
GCF-013343005,GCF-013343005,Gammaproteobacteria,Pseudomonadota,gyrA,1,0,0
GW7,Holosporales,Alphaproteobacteria,Pseudomonadota,gyrA,1,1,1
Gaiellaceae,Gaiellales,Thermoleophilia,Actinomycetota,gyrA,1,0,0
Gallaecimonadaceae,Enterobacterales,Gammaproteobacteria,Pseudomonadota,gyrA,5,0,0
Gallionellaceae,Burkholderiales,Gammaproteobacteria,Pseudomonadota,gyrA,5,0,0
Gaopeijiaceae,Longimicrobiales,Gemmatimonadetes,Gemmatimonadota,gyrA,1,0,0
Garciellaceae,Eubacteriales,Clostridia,Bacillota,gyrA,2,0,0
Geitlerinemataceae,Cyanobacteriales,Cyanobacteriia,Cyanobacteriota,gyrA,3,0,0
Gemellaceae,Staphylococcales,Bacilli,Bacillota,gyrA,10,10,1
Geminicoccaceae,Geminicoccales,Alphaproteobacteria,Pseudomonadota,gyrA,7,1,0.14285714285714285
Gemmataceae,Gemmatales,Planctomycetia,Planctomycetota,gyrA,11,9,0.8181818181818182
Gemmatimonadaceae,Gemmatimonadales,Gemmatimonadetes,Gemmatimonadota,gyrA,6,0,0
Geoalkalibacteraceae,Desulfuromonadales,Desulfuromonadia,Desulfobacterota,gyrA,3,0,0
Geobacteraceae,Geobacterales,Desulfuromonadia,Desulfobacterota,gyrA,27,2,0.07407407407407407
Geochordaceae,Limnochordales,Limnochordia,Bacillota,gyrA,1,1,1
Geodermatophilaceae,Mycobacteriales,Actinomycetes,Actinomycetota,gyrA,51,1,0.0196078431372549
Geopsychrobacteraceae,Desulfuromonadales,Desulfuromonadia,Desulfobacterota,gyrA,5,0,0
Geothermobacteraceae,Desulfuromonadales,Desulfuromonadia,Desulfobacterota,gyrA,2,0,0
Geovibrionaceae,Deferribacterales,Deferribacteres,Chrysiogenota,gyrA,5,0,0
Gloeobacteraceae,Gloeobacterales,Cyanobacteriia,Cyanobacteriota,gyrA,3,0,0
Gloeomargaritaceae,Gloeomargaritales,Cyanobacteriia,Cyanobacteriota,gyrA,1,1,1
Gottschalkiaceae,Tissierellales,Clostridia,Bacillota,gyrA,3,1,0.3333333333333333
Govanellaceae,Sphingomonadales,Alphaproteobacteria,Pseudomonadota,gyrA,1,0,0
Granulosicoccaceae,Granulosicoccales,Gammaproteobacteria,Pseudomonadota,gyrA,1,0,0
Guptibacillaceae,Bacillales,Bacilli,Bacillota,gyrA,5,0,0
HKI-0501,Mycobacteriales,Actinomycetes,Actinomycetota,gyrA,2,0,0
Halanaerobiaceae,Halanaerobiales,Halanaerobiia,Bacillota,gyrA,8,0,0
Halarsenatibacteraceae,Halanaerobiales,Halanaerobiia,Bacillota,gyrA,2,0,0
Haliangiaceae,Haliangiales,Polyangia,Myxococcota_A,gyrA,1,0,0
Halieaceae,Pseudomonadales,Gammaproteobacteria,Pseudomonadota,gyrA,22,0,0
Haliovirgaceae,Fusobacteriales,Fusobacteriia,Fusobacteriota,gyrA,1,0,0
Halobacillaceae,Bacillales,Bacilli,Bacillota,gyrA,34,0,0
Halobacteroidaceae,Halobacteroidales,Halanaerobiia,Bacillota,gyrA,7,6,0.8571428571428571
Halofilaceae,XJ16,Gammaproteobacteria,Pseudomonadota,gyrA,1,0,0
Halomonadaceae,Pseudomonadales,Gammaproteobacteria,Pseudomonadota,gyrA,184,2,0.010869565217391304
Haloplasmataceae,Haloplasmatales,Bacilli_A,Bacillota_I,gyrA,1,0,0
Halorhodospiraceae,Nitrococcales,Gammaproteobacteria,Pseudomonadota,gyrA,5,4,0.8
Halothermotrichaceae,Halanaerobiales,Halanaerobiia,Bacillota,gyrA,1,1,1
Halothiobacillaceae,Halothiobacillales,Gammaproteobacteria,Pseudomonadota,gyrA,5,0,0
Helicobacteraceae,Campylobacterales,Campylobacteria,Campylobacterota,gyrA,61,7,0.11475409836065574
Heliobacteriaceae,Heliobacteriales,Desulfitobacteriia,Bacillota,gyrA,9,3,0.3333333333333333
Hepatoplasmataceae,Mycoplasmatales,Bacilli_A,Bacillota_I,gyrA,1,0,0
Herpetosiphonaceae,Chloroflexales,Chloroflexia,Chloroflexota,gyrA,1,0,0
Hippeaceae,Desulfurellales,Desulfurellia,Campylobacterota_A,gyrA,3,0,0
Holophagaceae,Holophagales,Holophagae,Acidobacteriota,gyrA,15,0,0
Holosporaceae,Holosporales,Alphaproteobacteria,Pseudomonadota,gyrA,4,4,1
Hujiaoplasmataceae,Izemoplasmatales,Bacilli_A,Bacillota_I,gyrA,1,0,0
Hydrogenimonadaceae,Campylobacterales,Campylobacteria,Campylobacterota,gyrA,4,0,0
Hymenobacteraceae,Cytophagales,Bacteroidia,Bacteroidota,gyrA,174,5,0.028735632183908046
Hyphomicrobiaceae,Rhizobiales,Alphaproteobacteria,Pseudomonadota,gyrA,1,0,0
Hyphomonadaceae,Caulobacterales,Alphaproteobacteria,Pseudomonadota,gyrA,22,1,0.045454545454545456
ISCAR-4553,Rhodothermales,Rhodothermia,Bacteroidota,gyrA,1,0,0
Iamiaceae,Acidimicrobiales,Acidimicrobiia,Actinomycetota,gyrA,2,1,0.5
Ichthyobacteriaceae,Flavobacteriales,Bacteroidia,Bacteroidota,gyrA,1,0,0
Ignavibacteriaceae,Ignavibacteriales,Ignavibacteria,Bacteroidota,gyrA,1,0,0
Ilumatobacteraceae,Acidimicrobiales,Acidimicrobiia,Actinomycetota,gyrA,4,2,0.5
Im1,Rhizobiales,Alphaproteobacteria,Pseudomonadota,gyrA,4,0,0
Immundisolibacteraceae,Immundisolibacterales,Gammaproteobacteria,Pseudomonadota,gyrA,1,0,0
Inquilinaceae,DSM-16000,Alphaproteobacteria,Pseudomonadota,gyrA,2,0,0
Intestinicryptomonadaceae,Opitutales,Verrucomicrobiia,Verrucomicrobiota,gyrA,1,0,0
Isosphaeraceae,Isosphaerales,Planctomycetia,Planctomycetota,gyrA,17,1,0.058823529411764705
Izemoplasmataceae,Izemoplasmatales,Bacilli_A,Bacillota_I,gyrA,2,0,0
JAAYUW01,JAAYUW01,JAAYUW01,Spirochaetota,gyrA,1,0,0
JADQBR01,JADQBR01,JADQBR01,Bacillota,gyrA,1,0,0
JANTPT01,Thermoactinomycetales,Bacilli,Bacillota,gyrA,1,1,1
JBBAYJ01,Actinomycetales,Actinomycetes,Actinomycetota,gyrA,3,0,0
JIR-001,Thermoactinomycetales,Bacilli,Bacillota,gyrA,3,3,1
Jatrophihabitantaceae,Mycobacteriales,Actinomycetes,Actinomycetota,gyrA,4,0,0
Jeotgalibacillaceae,Bacillales,Bacilli,Bacillota,gyrA,9,0,0
Jiangellaceae,Jiangellales,Actinomycetes,Actinomycetota,gyrA,15,0,0
Johnevansiaceae,Johnevansiales,Gammaproteobacteria,Pseudomonadota,gyrA,1,0,0
K13,Paenibacillales,Bacilli,Bacillota,gyrA,1,0,0
KCTC-25726,Paenibacillales,Bacilli,Bacillota,gyrA,1,0,0
KCTC-33676,Paenibacillales,Bacilli,Bacillota,gyrA,2,0,0
KCTC-33759,Paenibacillales,Bacilli,Bacillota,gyrA,3,0,0
KJ1-10-99,Bacillales,Bacilli,Bacillota,gyrA,1,0,0
Kaistiaceae,Rhizobiales,Alphaproteobacteria,Pseudomonadota,gyrA,12,2,0.16666666666666666
Kallotenuaceae,Chloroflexales,Chloroflexia,Chloroflexota,gyrA,1,0,0
Kangiellaceae,Enterobacterales,Gammaproteobacteria,Pseudomonadota,gyrA,18,0,0
Ketobacteraceae,Pseudomonadales,Gammaproteobacteria,Pseudomonadota,gyrA,2,0,0
Kiloniellaceae,Kiloniellales,Alphaproteobacteria,Pseudomonadota,gyrA,9,0,0
Kineococcaceae,Actinomycetales,Actinomycetes,Actinomycetota,gyrA,25,4,0.16
Kineosporiaceae,Actinomycetales,Actinomycetes,Actinomycetota,gyrA,6,0,0
Kiritimatiellaceae,Kiritimatiellales,Kiritimatiellia,Verrucomicrobiota,gyrA,1,0,0
Koleobacteraceae,Koleobacterales,Thermosediminibacteria,Bacillota,gyrA,1,0,0
Kolteriaceae,Kolteriales,Planctomycetia,Planctomycetota,gyrA,1,0,0
Kordiimonadaceae,Sphingomonadales,Alphaproteobacteria,Pseudomonadota,gyrA,13,0,0
Kosmotogaceae,Petrotogales,Thermotogae,Thermotogota,gyrA,5,2,0.4
Kribbellaceae,Propionibacteriales,Actinomycetes,Actinomycetota,gyrA,39,0,0
Ktedonobacteraceae,Ktedonobacterales,Ktedonobacteria,Chloroflexota,gyrA,17,16,0.9411764705882353
Kyrpidiaceae,Kyrpidiales,Bacilli,Bacillota,gyrA,2,2,1
Labraceae,Rhizobiales,Alphaproteobacteria,Pseudomonadota,gyrA,7,1,0.14285714285714285
Lachnospiraceae,Lachnospirales,Clostridia,Bacillota,gyrA,210,194,0.9238095238095239
Lacipirellulaceae,Pirellulales,Planctomycetia,Planctomycetota,gyrA,16,0,0
Lactobacillaceae,Lactobacillales,Bacilli,Bacillota,gyrA,447,26,0.058165548098434
Laspinemataceae,Cyanobacteriales,Cyanobacteriia,Cyanobacteriota,gyrA,6,0,0
Leeiaceae,Burkholderiales,Gammaproteobacteria,Pseudomonadota,gyrA,3,0,0
Legionellaceae,Legionellales,Gammaproteobacteria,Pseudomonadota,gyrA,69,1,0.014492753623188406
Lentimicrobiaceae,Bacteroidales,Bacteroidia,Bacteroidota,gyrA,1,0,0
Lentisphaeraceae,Lentisphaerales,Lentisphaeria,Verrucomicrobiota,gyrA,3,0,0
Leptolyngbyaceae,Leptolyngbyales,Cyanobacteriia,Cyanobacteriota,gyrA,13,0,0
Leptonemataceae,Leptospirales,Leptospiria,Spirochaetota,gyrA,1,0,0
Leptospiraceae,Leptospirales,Leptospiria,Spirochaetota,gyrA,73,32,0.4383561643835616
Leptospirillaceae,Leptospirillales,Leptospirillia,Nitrospirota,gyrA,2,1,0.5
Leptotrichiaceae,Fusobacteriales,Fusobacteriia,Fusobacteriota,gyrA,23,23,1
Limisphaeraceae,Limisphaerales,Verrucomicrobiia,Verrucomicrobiota,gyrA,1,0,0
Limnochordaceae,Limnochordales,Limnochordia,Bacillota,gyrA,1,1,1
Listeriaceae,Lactobacillales,Bacilli,Bacillota,gyrA,24,1,0.041666666666666664
Litoribrevibacteraceae,Pseudomonadales,Gammaproteobacteria,Pseudomonadota,gyrA,3,0,0
Litorivicinaceae,Pseudomonadales,Gammaproteobacteria,Pseudomonadota,gyrA,1,0,0
Longimicrobiaceae,Longimicrobiales,Gemmatimonadetes,Gemmatimonadota,gyrA,1,0,0
Lucifugimonadaceae,Lucifugimonadales,Dehalococcoidia,Chloroflexota,gyrA,1,0,0
Luteibaculaceae,Flavobacteriales_D,Bacteroidia,Bacteroidota,gyrA,1,0,0
Lutisporaceae,Lutisporales,Clostridia,Bacillota,gyrA,2,2,1
MCWD3,Tissierellales,Clostridia,Bacillota,gyrA,1,0,0
MYW30-H2,Tumebacillales,Bacilli,Bacillota,gyrA,1,0,0
Magnetaquicoccaceae,Magnetococcales,Magnetococcia,Pseudomonadota,gyrA,2,2,1
Magnetobacteriaceae,Thermodesulfovibrionales,Thermodesulfovibrionia,Nitrospirota,gyrA,4,0,0
Magnetococcaceae,Magnetococcales,Magnetococcia,Pseudomonadota,gyrA,3,0,0
Magnetospiraceae,Rhodospirillales,Alphaproteobacteria,Pseudomonadota,gyrA,1,0,0
Magnetospirillaceae,Rhodospirillales,Alphaproteobacteria,Pseudomonadota,gyrA,8,2,0.25
Magnetovibrionaceae,Rhodospirillales,Alphaproteobacteria,Pseudomonadota,gyrA,3,0,0
Mahellaceae,Mahellales,Clostridia,Bacillota,gyrA,1,1,1
Manganitrophaceae,SBBL01,Nitrospiria,Nitrospirota,gyrA,1,1,1
Maricaulaceae,Caulobacterales,Alphaproteobacteria,Pseudomonadota,gyrA,24,0,0
Marinicellaceae,Xanthomonadales,Gammaproteobacteria,Pseudomonadota,gyrA,8,1,0.125
Marinifilaceae,Bacteroidales,Bacteroidia,Bacteroidota,gyrA,26,0,0
Marinilabiliaceae,Bacteroidales,Bacteroidia,Bacteroidota,gyrA,22,9,0.4090909090909091
Marinithermaceae,Deinococcales,Deinococci,Deinococcota,gyrA,3,0,0
Marinococcaceae,Bacillales,Bacilli,Bacillota,gyrA,25,1,0.04
Marinomonadaceae,Pseudomonadales,Gammaproteobacteria,Pseudomonadota,gyrA,40,5,0.125
Mariprofundaceae,Mariprofundales,Zetaproteobacteria,Pseudomonadota,gyrA,6,0,0
Marispirochaetaceae,JC444,Spirochaetia,Spirochaetota,gyrA,1,1,1
Massilibacteriaceae,Bacillales,Bacilli,Bacillota,gyrA,1,0,0
Megasphaeraceae,Veillonellales,Negativicutes,Bacillota,gyrA,15,2,0.13333333333333333
Melioribacteraceae,Ignavibacteriales,Ignavibacteria,Bacteroidota,gyrA,5,1,0.2
Mesoaciditogaceae,Mesoaciditogales,Thermotogae,Thermotogota,gyrA,2,0,0
Metamycoplasmataceae,Mycoplasmatales,Bacilli_A,Bacillota_I,gyrA,73,8,0.1095890410958904
Methylacidiphilaceae,Methylacidiphilales,Verrucomicrobiia,Verrucomicrobiota,gyrA,7,0,0
Methylococcaceae,Methylococcales,Gammaproteobacteria,Pseudomonadota,gyrA,11,3,0.2727272727272727
Methylohalomonadaceae,Methylohalomonadales,Gammaproteobacteria,Pseudomonadota,gyrA,1,0,0
Methyloligellaceae,Rhizobiales,Alphaproteobacteria,Pseudomonadota,gyrA,7,7,1
Methylomirabilaceae,Methylomirabilales,Methylomirabilia,Methylomirabilota,gyrA,1,0,0
Methylomonadaceae,Methylococcales,Gammaproteobacteria,Pseudomonadota,gyrA,39,0,0
Methylophagaceae,Nitrosococcales,Gammaproteobacteria,Pseudomonadota,gyrA,8,0,0
Methylophilaceae,Burkholderiales,Gammaproteobacteria,Pseudomonadota,gyrA,28,0,0
Methylopilaceae,Rhizobiales,Alphaproteobacteria,Pseudomonadota,gyrA,7,1,0.14285714285714285
Methylothermaceae,Methylococcales,Gammaproteobacteria,Pseudomonadota,gyrA,1,1,1
Micavibrionaceae,Micavibrionales,Alphaproteobacteria,Pseudomonadota,gyrA,1,0,0
Microbacteriaceae,Actinomycetales,Actinomycetes,Actinomycetota,gyrA,520,58,0.11153846153846154
Micrococcaceae,Actinomycetales,Actinomycetes,Actinomycetota,gyrA,239,7,0.029288702928870293
Microcoleaceae,Cyanobacteriales,Cyanobacteriia,Cyanobacteriota,gyrA,26,5,0.19230769230769232
Microcystaceae,Cyanobacteriales,Cyanobacteriia,Cyanobacteriota,gyrA,17,0,0
Micromonosporaceae,Mycobacteriales,Actinomycetes,Actinomycetota,gyrA,216,23,0.10648148148148148
Micropepsaceae,Micropepsales,Alphaproteobacteria,Pseudomonadota,gyrA,2,0,0
Microscillaceae,Cytophagales,Bacteroidia,Bacteroidota,gyrA,1,1,1
Microtrichaceae,Acidimicrobiales,Acidimicrobiia,Actinomycetota,gyrA,1,0,0
Midichloriaceae,Rickettsiales,Alphaproteobacteria,Pseudomonadota,gyrA,8,5,0.625
Miltoncostaeaceae,Miltoncostaeales,Thermoleophilia,Actinomycetota,gyrA,2,0,0
Minisyncoccaceae,Minisyncoccales,Minisyncoccia,Patescibacteriota,gyrA,1,0,0
Minwuiaceae,Minwuiales,Alphaproteobacteria,Pseudomonadota,gyrA,1,0,0
Monoglobaceae,Monoglobales,Clostridia,Bacillota,gyrA,2,1,0.5
Moraxellaceae,Pseudomonadales,Gammaproteobacteria,Pseudomonadota,gyrA,183,24,0.13114754098360656
Moritellaceae,Enterobacterales,Gammaproteobacteria,Pseudomonadota,gyrA,4,0,0
Motilibacteraceae,Motilibacterales,Actinomycetes,Actinomycetota,gyrA,4,0,0
Mucispirillaceae,Deferribacterales,Deferribacteres,Chrysiogenota,gyrA,1,0,0
Muribaculaceae,Bacteroidales,Bacteroidia,Bacteroidota,gyrA,10,8,0.8
Mycobacteriaceae,Mycobacteriales,Actinomycetes,Actinomycetota,gyrA,551,142,0.2577132486388385
Mycoplasmataceae,Mycoplasmatales,Bacilli_A,Bacillota_I,gyrA,163,44,0.26993865030674846
Mycoplasmoidaceae,Mycoplasmatales,Bacilli_A,Bacillota_I,gyrA,16,1,0.0625
Myxococcaceae,Myxococcales,Myxococcia,Myxococcota,gyrA,45,6,0.13333333333333333
NBRC-103111,Paenibacillales,Bacilli,Bacillota,gyrA,4,0,0
NSJ-53,Christensenellales,Clostridia,Bacillota,gyrA,1,0,0
Nakamurellaceae,Mycobacteriales,Actinomycetes,Actinomycetota,gyrA,11,3,0.2727272727272727
Nannocystaceae,Nannocystales,Polyangia,Myxococcota_A,gyrA,7,4,0.5714285714285714
Nanopelagicaceae,Nanopelagicales,Actinomycetes,Actinomycetota,gyrA,9,0,0
Natranaerobiaceae,Natranaerobiales,Natranaerobiia,Bacillota,gyrA,2,2,1
Natranaerofabaceae,Natranaerobiales,Natranaerobiia,Bacillota,gyrA,1,1,1
Natronincolaceae,Peptostreptococcales,Clostridia,Bacillota,gyrA,13,0,0
Natronogracilivirgulaceae,Balneolales,Rhodothermia,Bacteroidota,gyrA,1,0,0
Natronospiraceae,Natronospirales,Gammaproteobacteria,Pseudomonadota,gyrA,3,0,0
Natronospirillaceae,Pseudomonadales,Gammaproteobacteria,Pseudomonadota,gyrA,14,1,0.07142857142857142
Nautiliaceae,Campylobacterales,Campylobacteria,Campylobacterota,gyrA,7,0,0
Negativicoccaceae,Veillonellales,Negativicutes,Bacillota,gyrA,1,0,0
Neiellaceae,Enterobacterales,Gammaproteobacteria,Pseudomonadota,gyrA,8,0,0
Neisseriaceae,Burkholderiales,Gammaproteobacteria,Pseudomonadota,gyrA,65,10,0.15384615384615385
Neomoorellaceae,Neomoorellales,DSM-521,Bacillota,gyrA,8,8,1
Nevskiaceae,Nevskiales,Gammaproteobacteria,Pseudomonadota,gyrA,17,2,0.11764705882352941
Nitratiruptoraceae,Campylobacterales,Campylobacteria,Campylobacterota,gyrA,4,0,0
Nitriliruptoraceae,Nitriliruptorales,Nitriliruptoria,Actinomycetota,gyrA,3,0,0
Nitrococcaceae,Nitrococcales,Gammaproteobacteria,Pseudomonadota,gyrA,12,1,0.08333333333333333
Nitrosococcaceae,Nitrosococcales,Gammaproteobacteria,Pseudomonadota,gyrA,5,4,0.8
Nitrosomonadaceae,Burkholderiales,Gammaproteobacteria,Pseudomonadota,gyrA,17,0,0
Nitrospinaceae,Nitrospinales,Nitrospinia,Nitrospinota,gyrA,2,0,0
Nocardioidaceae,Propionibacteriales,Actinomycetes,Actinomycetota,gyrA,207,1,0.004830917874396135
Nostocaceae,Cyanobacteriales,Cyanobacteriia,Cyanobacteriota,gyrA,70,0,0
Novibacillaceae,Thermoactinomycetales,Bacilli,Bacillota,gyrA,2,2,1
Nucleicultricaceae,Caedimonadales,Alphaproteobacteria,Pseudomonadota,gyrA,1,1,1
OUC007,Nevskiales,Gammaproteobacteria,Pseudomonadota,gyrA,1,0,0
Oceanibaculaceae,Oceanibaculales,Alphaproteobacteria,Pseudomonadota,gyrA,3,0,0
Oceanipulchritudinaceae,Opitutales,Verrucomicrobiia,Verrucomicrobiota,gyrA,1,1,1
Oceanobacteraceae,Pseudomonadales,Gammaproteobacteria,Pseudomonadota,gyrA,14,0,0
Oceanococcaceae,Nevskiales,Gammaproteobacteria,Pseudomonadota,gyrA,1,0,0
Oleiphilaceae,Pseudomonadales,Gammaproteobacteria,Pseudomonadota,gyrA,86,2,0.023255813953488372
Oligoflexaceae,Oligoflexales,Oligoflexia,Bdellovibrionota_B,gyrA,2,0,0
Opitutaceae,Opitutales,Verrucomicrobiia,Verrucomicrobiota,gyrA,18,1,0.05555555555555555
Orbaceae,Enterobacterales,Gammaproteobacteria,Pseudomonadota,gyrA,15,0,0
Oscillatoriaceae,Cyanobacteriales,Cyanobacteriia,Cyanobacteriota,gyrA,1,0,0
Oscillospiraceae,Oscillospirales,Clostridia,Bacillota,gyrA,24,13,0.5416666666666666
Ostreibacteriaceae,Cardiobacteriales,Gammaproteobacteria,Pseudomonadota,gyrA,1,0,0
Oxobacteraceae,Clostridiales,Clostridia,Bacillota,gyrA,1,1,1
PCC-9333,Cyanobacteriales,Cyanobacteriia,Cyanobacteriota,gyrA,1,0,0
Paenibacillaceae,Paenibacillales,Bacilli,Bacillota,gyrA,381,97,0.2545931758530184
Paludibacteraceae,Bacteroidales,Bacteroidia,Bacteroidota,gyrA,3,1,0.3333333333333333
Paracaedibacteraceae,Paracaedibacterales,Alphaproteobacteria,Pseudomonadota,gyrA,1,0,0
Parachlamydiaceae,Chlamydiales,Chlamydiia,Chlamydiota,gyrA,4,0,0
Parilichlamydiaceae,Chlamydiales,Chlamydiia,Chlamydiota,gyrA,1,0,0
Parvibaculaceae,Parvibaculales,Alphaproteobacteria,Pseudomonadota,gyrA,4,0,0
Parvicellaceae,Flavobacteriales_D,Bacteroidia,Bacteroidota,gyrA,1,0,0
Parvularculaceae,Caulobacterales,Alphaproteobacteria,Pseudomonadota,gyrA,15,0,0
Pasteurellaceae,Enterobacterales,Gammaproteobacteria,Pseudomonadota,gyrA,101,9,0.0891089108910891
Pedosphaeraceae,Limisphaerales,Verrucomicrobiia,Verrucomicrobiota,gyrA,1,1,1
Pelagibacteraceae,Pelagibacterales,Alphaproteobacteria,Pseudomonadota,gyrA,2,0,0
Pelagibaculaceae,Enterobacterales,Gammaproteobacteria,Pseudomonadota,gyrA,1,0,0
Pelotomaculaceae,Desulfotomaculales,Desulfotomaculia,Bacillota,gyrA,4,4,1
Peptococcaceae,Peptococcales,Peptococcia,Bacillota,gyrA,2,0,0
Peptoniphilaceae,Tissierellales,Clostridia,Bacillota,gyrA,88,7,0.07954545454545454
Peptostreptococcaceae,Peptostreptococcales,Clostridia,Bacillota,gyrA,44,7,0.1590909090909091
Permianibacteraceae,Enterobacterales,Gammaproteobacteria,Pseudomonadota,gyrA,2,0,0
Petrotogaceae,Petrotogales,Thermotogae,Thermotogota,gyrA,16,14,0.875
Phormidesmidaceae,Phormidesmidales,Cyanobacteriia,Cyanobacteriota,gyrA,8,0,0
Phototrophicaceae,Aggregatilineales,Anaerolineae,Chloroflexota,gyrA,1,0,0
Phreatobacteraceae,Rhizobiales,Alphaproteobacteria,Pseudomonadota,gyrA,5,1,0.2
Phycisphaeraceae,Phycisphaerales,Phycisphaerae,Planctomycetota,gyrA,5,2,0.4
Pirellulaceae,Pirellulales,Planctomycetia,Planctomycetota,gyrA,47,2,0.0425531914893617
Piscirickettsiaceae,Piscirickettsiales,Gammaproteobacteria,Pseudomonadota,gyrA,1,0,0
Planctomycetaceae,Planctomycetales,Planctomycetia,Planctomycetota,gyrA,35,1,0.02857142857142857
Planococcaceae,Bacillales_A,Bacilli,Bacillota,gyrA,156,5,0.03205128205128205
Pleomorphomonadaceae,Rhizobiales,Alphaproteobacteria,Pseudomonadota,gyrA,9,2,0.2222222222222222
Polyangiaceae,Polyangiales,Polyangia,Myxococcota_A,gyrA,20,8,0.4
Pontiellaceae,Kiritimatiellales,Kiritimatiellia,Verrucomicrobiota,gyrA,3,0,0
Porphyromonadaceae,Bacteroidales,Bacteroidia,Bacteroidota,gyrA,21,6,0.2857142857142857
Porticoccaceae,Pseudomonadales,Gammaproteobacteria,Pseudomonadota,gyrA,2,0,0
Pradoshiaceae,Bacillales,Bacilli,Bacillota,gyrA,1,0,0
Prochlorotrichaceae,Prochlorotrichales,Cyanobacteriia,Cyanobacteriota,gyrA,1,0,0
Prolixibacteraceae,Bacteroidales,Bacteroidia,Bacteroidota,gyrA,23,2,0.08695652173913043
Promineifilaceae,Promineifilales,Anaerolineae,Chloroflexota,gyrA,1,1,1
Propionibacteriaceae,Propionibacteriales,Actinomycetes,Actinomycetota,gyrA,70,1,0.014285714285714285
Propionisporaceae,Propionisporales,Negativicutes,Bacillota,gyrA,2,0,0
Proteiniboraceae,Tissierellales,Clostridia,Bacillota,gyrA,3,1,0.3333333333333333
Proteinivoracaceae,Proteinivoracales,Proteinivoracia,Bacillota,gyrA,5,0,0
Pseudanabaenaceae,Pseudanabaenales,Cyanobacteriia,Cyanobacteriota,gyrA,10,0,0
Pseudohongiellaceae,Pseudomonadales,Gammaproteobacteria,Pseudomonadota,gyrA,3,0,0
Pseudomonadaceae,Pseudomonadales,Gammaproteobacteria,Pseudomonadota,gyrA,461,12,0.026030368763557483
Pseudonocardiaceae,Mycobacteriales,Actinomycetes,Actinomycetota,gyrA,281,6,0.021352313167259787
Pseudopelobacteraceae,Geobacterales,Desulfuromonadia,Desulfobacterota,gyrA,7,0,0
Pseudothioglobaceae,PS1,Gammaproteobacteria,Pseudomonadota,gyrA,3,0,0
Psittacicellaceae,Enterobacterales,Gammaproteobacteria,Pseudomonadota,gyrA,2,2,1
Psychromonadaceae,Enterobacterales,Gammaproteobacteria,Pseudomonadota,gyrA,10,0,0
Pumilibacteraceae,Christensenellales,Clostridia,Bacillota,gyrA,3,0,0
Puniceicoccaceae,Opitutales,Verrucomicrobiia,Verrucomicrobiota,gyrA,1,0,0
Puniceispirillaceae,Puniceispirillales,Alphaproteobacteria,Pseudomonadota,gyrA,1,0,0
Pyrinomonadaceae,Pyrinomonadales,Blastocatellia,Acidobacteriota,gyrA,1,1,1
Quadrisphaeraceae,Actinomycetales,Actinomycetes,Actinomycetota,gyrA,6,0,0
R1DC41,Bacillales,Bacilli,Bacillota,gyrA,1,0,0
RAOX-1,Aneurinibacillales,Bacilli,Bacillota,gyrA,3,0,0
RS24,RS24,Alphaproteobacteria,Pseudomonadota,gyrA,1,0,0
Radicibacteraceae,Radicibacterales,Alphaproteobacteria,Pseudomonadota,gyrA,1,0,0
Rectinemataceae,Treponematales,Spirochaetia,Spirochaetota,gyrA,1,1,1
Reyranellaceae,Reyranellales,Alphaproteobacteria,Pseudomonadota,gyrA,5,1,0.2
Rhabdochlamydiaceae,Chlamydiales,Chlamydiia,Chlamydiota,gyrA,2,0,0
Rhizobiaceae,Rhizobiales,Alphaproteobacteria,Pseudomonadota,gyrA,458,388,0.8471615720524017
Rhodanobacteraceae,Xanthomonadales,Gammaproteobacteria,Pseudomonadota,gyrA,94,59,0.6276595744680851
Rhodobacteraceae,Rhodobacterales,Alphaproteobacteria,Pseudomonadota,gyrA,732,130,0.17759562841530055
Rhodobiaceae,Rhizobiales,Alphaproteobacteria,Pseudomonadota,gyrA,2,0,0
Rhodocyclaceae,Burkholderiales,Gammaproteobacteria,Pseudomonadota,gyrA,93,2,0.021505376344086023
Rhodomicrobiaceae,Rhizobiales,Alphaproteobacteria,Pseudomonadota,gyrA,4,0,0
Rhodospirillaceae,Rhodospirillales,Alphaproteobacteria,Pseudomonadota,gyrA,14,0,0
Rhodothalassiaceae,Sphingomonadales,Alphaproteobacteria,Pseudomonadota,gyrA,3,0,0
Rhodothermaceae,Rhodothermales,Rhodothermia,Bacteroidota,gyrA,3,3,1
Rhodovibrionaceae,Kiloniellales,Alphaproteobacteria,Pseudomonadota,gyrA,4,4,1
Rickettsiaceae,Rickettsiales,Alphaproteobacteria,Pseudomonadota,gyrA,83,32,0.3855421686746988
Rikenellaceae,Bacteroidales,Bacteroidia,Bacteroidota,gyrA,19,4,0.21052631578947367
Roseiflexaceae,Chloroflexales,Chloroflexia,Chloroflexota,gyrA,1,0,0
Roseiterribacteraceae,BOG-932,Alphaproteobacteria,Pseudomonadota,gyrA,1,0,0
Rubeoparvulaceae,Rubeoparvulales,Bacilli,Bacillota,gyrA,1,1,1
Rubidibacteraceae,Cyanobacteriales,Cyanobacteriia,Cyanobacteriota,gyrA,1,0,0
Rubricoccaceae,Rhodothermales,Rhodothermia,Bacteroidota,gyrA,5,0,0
Rubrobacteraceae,Rubrobacterales,Rubrobacteria,Actinomycetota,gyrA,9,2,0.2222222222222222
Ruminococcaceae,Oscillospirales,Clostridia,Bacillota,gyrA,55,55,1
SA5d-4,Bacillales,Bacilli,Bacillota,gyrA,1,0,0
SCOH01,Burkholderiales,Gammaproteobacteria,Pseudomonadota,gyrA,1,1,1
SG130,SG130,Negativicutes,Bacillota,gyrA,1,0,0
SIT17,Tissierellales,Clostridia,Bacillota,gyrA,2,0,0
SK-Y3,SK-Y3,Clostridia,Bacillota,gyrA,1,1,1
SKKL01,Acidimicrobiales,Acidimicrobiia,Actinomycetota,gyrA,1,0,0
SKNC01,SKNC01,Dethiobacteria,Bacillota,gyrA,1,1,1
SLC66,Alicyclobacillales,Bacilli,Bacillota,gyrA,3,0,0
SLCJ01,Verrucomicrobiales,Verrucomicrobiia,Verrucomicrobiota,gyrA,1,0,0
SM2101,Bacillales,Bacilli,Bacillota,gyrA,1,0,0
SMCO01,Burkholderiales,Gammaproteobacteria,Pseudomonadota,gyrA,1,0,0
SP-2023,SP-2023,Spirochaetia,Spirochaetota,gyrA,1,0,0
ST65,Thermodesulfobacteriales,Thermodesulfobacteria,Desulfobacterota,gyrA,1,1,1
SZUA-36,Xanthomonadales,Gammaproteobacteria,Pseudomonadota,gyrA,2,0,0
Saccharimonadaceae,Saccharimonadales,Saccharimonadia,Patescibacteriota,gyrA,8,1,0.125
Salibacteraceae,Flavobacteriales_G,Bacteroidia,Bacteroidota,gyrA,1,0,0
Salinibacteraceae,Rhodothermales,Rhodothermia,Bacteroidota,gyrA,8,0,0
Salinicoccaceae,Staphylococcales,Bacilli,Bacillota,gyrA,30,1,0.03333333333333333
Salinilacustritrichaceae,Acidimicrobiales,Acidimicrobiia,Actinomycetota,gyrA,1,0,0
Salinisphaeraceae,Nevskiales,Gammaproteobacteria,Pseudomonadota,gyrA,8,0,0
Salinispiraceae,DSM-27196,Spirochaetia,Spirochaetota,gyrA,1,0,0
Salinivirgaceae,Bacteroidales,Bacteroidia,Bacteroidota,gyrA,1,0,0
Salisediminibacteriaceae,Bacillales,Bacilli,Bacillota,gyrA,28,0,0
Sandaracinaceae,Polyangiales,Polyangia,Myxococcota_A,gyrA,1,1,1
Sanyastnellaceae,Flavobacteriales_D,Bacteroidia,Bacteroidota,gyrA,1,0,0
Saprospiraceae,Chitinophagales,Bacteroidia,Bacteroidota,gyrA,21,0,0
Scalinduaceae,Brocadiales,Brocadiia,Planctomycetota,gyrA,1,0,0
Schleiferiaceae,Flavobacteriales,Bacteroidia,Bacteroidota,gyrA,6,0,0
Sedimentibacteraceae,Tissierellales,Clostridia,Bacillota,gyrA,3,1,0.3333333333333333
Sedimentisphaeraceae,Sedimentisphaerales,Phycisphaerae,Planctomycetota,gyrA,3,2,0.6666666666666666
Sediminispirochaetaceae,DSM-16054,Spirochaetia,Spirochaetota,gyrA,2,0,0
Segnochrobactraceae,Rhizobiales,Alphaproteobacteria,Pseudomonadota,gyrA,2,0,0
Selenomonadaceae,Selenomonadales,Negativicutes,Bacillota,gyrA,26,0,0
Seribacteraceae,Opitutales,Verrucomicrobiia,Verrucomicrobiota,gyrA,2,0,0
Sh68,Dissulfuribacterales,Dissulfuribacteria,Desulfobacterota,gyrA,1,1,1
Shewanellaceae,Enterobacterales,Gammaproteobacteria,Pseudomonadota,gyrA,122,2,0.01639344262295082
Shumkoniaceae,Rhodospirillales,Alphaproteobacteria,Pseudomonadota,gyrA,1,0,0
Silvanigrellaceae,Silvanigrellales,Oligoflexia,Bdellovibrionota_B,gyrA,2,2,1
Simkaniaceae,Chlamydiales,Chlamydiia,Chlamydiota,gyrA,2,0,0
Sinobacteriaceae,Pseudomonadales,Gammaproteobacteria,Pseudomonadota,gyrA,2,0,0
Sneathiellaceae,Sneathiellales,Alphaproteobacteria,Pseudomonadota,gyrA,9,0,0
Solirubrobacteraceae,Solirubrobacterales,Thermoleophilia,Actinomycetota,gyrA,21,8,0.38095238095238093
Sphaerochaetaceae,Sphaerochaetales,Spirochaetia,Spirochaetota,gyrA,8,7,0.875
Sphingobacteriaceae,Sphingobacteriales,Bacteroidia,Bacteroidota,gyrA,282,97,0.34397163120567376
Sphingomonadaceae,Sphingomonadales,Alphaproteobacteria,Pseudomonadota,gyrA,528,88,0.16666666666666666
Spirosomataceae,Cytophagales,Bacteroidia,Bacteroidota,gyrA,156,67,0.42948717948717946
Spirulinaceae,Cyanobacteriales,Cyanobacteriia,Cyanobacteriota,gyrA,3,0,0
Spongiibacteraceae,Pseudomonadales,Gammaproteobacteria,Pseudomonadota,gyrA,7,0,0
Sporanaerobacteraceae,Tissierellales,Clostridia,Bacillota,gyrA,3,0,0
Sporichthyaceae,Sporichthyales,Actinomycetes,Actinomycetota,gyrA,2,0,0
Sporolactobacillaceae,Bacillales,Bacilli,Bacillota,gyrA,23,5,0.21739130434782608
Sporomusaceae,Sporomusales,Negativicutes,Bacillota,gyrA,11,0,0
Staphylococcaceae,Staphylococcales,Bacilli,Bacillota,gyrA,91,2,0.02197802197802198
Stappiaceae,Rhizobiales,Alphaproteobacteria,Pseudomonadota,gyrA,39,0,0
Steroidobacteraceae,Steroidobacterales,Gammaproteobacteria,Pseudomonadota,gyrA,5,0,0
Streptococcaceae,Lactobacillales,Bacilli,Bacillota,gyrA,189,9,0.047619047619047616
Streptomycetaceae,Streptomycetales,Actinomycetes,Actinomycetota,gyrA,910,42,0.046153846153846156
Streptosporangiaceae,Streptosporangiales,Actinomycetes,Actinomycetota,gyrA,256,62,0.2421875
Succinispiraceae,Acidaminococcales,Negativicutes,Bacillota,gyrA,1,0,0
Succinivibrionaceae,Enterobacterales,Gammaproteobacteria,Pseudomonadota,gyrA,5,2,0.4
Sulfobacillaceae,Sulfobacillales,Sulfobacillia,Bacillota,gyrA,2,1,0.5
Sulfuricellaceae,Burkholderiales,Gammaproteobacteria,Pseudomonadota,gyrA,2,0,0
Sulfuriferulaceae,Burkholderiales,Gammaproteobacteria,Pseudomonadota,gyrA,4,0,0
Sulfurifustaceae,Acidiferrobacterales,Gammaproteobacteria,Pseudomonadota,gyrA,2,0,0
Sulfurimonadaceae,Campylobacterales,Campylobacteria,Campylobacterota,gyrA,28,0,0
Sulfurospirillaceae,Campylobacterales,Campylobacteria,Campylobacterota,gyrA,10,0,0
Sulfurovaceae,Campylobacterales,Campylobacteria,Campylobacterota,gyrA,9,0,0
Symbiobacteriaceae,Symbiobacteriales,Sulfobacillia,Bacillota,gyrA,4,1,0.25
Synechococcaceae,Synechococcales,Cyanobacteriia,Cyanobacteriota,gyrA,4,0,0
Synergistaceae,Synergistales,Synergistia,Synergistota,gyrA,7,6,0.8571428571428571
Syntrophaceae,Syntrophales,Syntrophia,Desulfobacterota,gyrA,3,3,1
Syntrophobacteraceae,Syntrophobacterales,Syntrophobacteria,Desulfobacterota,gyrA,3,0,0
Syntrophobotulaceae,Desulfitobacteriales,Desulfitobacteriia,Bacillota,gyrA,2,0,0
Syntrophomonadaceae,Syntrophomonadales,Syntrophomonadia,Bacillota,gyrA,8,6,0.75
Syntrophorhabdaceae,Syntrophorhabdales,Syntrophorhabdia,Desulfobacterota,gyrA,1,0,0
Syntrophotaleaceae,Desulfuromonadales,Desulfuromonadia,Desulfobacterota,gyrA,3,0,0
Syntrophothermaceae,Syntrophomonadales,Syntrophomonadia,Bacillota,gyrA,1,1,1
T1SED10-28,Peptostreptococcales,Clostridia,Bacillota,gyrA,1,0,0
Tannerellaceae,Bacteroidales,Bacteroidia,Bacteroidota,gyrA,26,3,0.11538461538461539
Tenuifilaceae,Bacteroidales,Bacteroidia,Bacteroidota,gyrA,3,0,0
Tepidamorphaceae,Rhizobiales,Alphaproteobacteria,Pseudomonadota,gyrA,5,0,0
Tepidanaerobacteraceae,Thermosediminibacterales,Thermosediminibacteria,Bacillota,gyrA,3,3,1
Tepidibacillaceae,Tepidibacillales,Bacilli,Bacillota,gyrA,5,3,0.6
Tepidiformaceae,Tepidiformales,Dehalococcoidia,Chloroflexota,gyrA,3,0,0
Tepidimicrobiaceae,Tissierellales,Clostridia,Bacillota,gyrA,3,1,0.3333333333333333
Tepidisphaeraceae,Tepidisphaerales,Phycisphaerae,Planctomycetota,gyrA,2,2,1
Terasakiellaceae,Rhodospirillales,Alphaproteobacteria,Pseudomonadota,gyrA,4,0,0
Terrimicrobiaceae,Chthoniobacterales,Verrucomicrobiia,Verrucomicrobiota,gyrA,1,1,1
Thalassobaculaceae,Thalassobaculales,Alphaproteobacteria,Pseudomonadota,gyrA,7,0,0
Thalassospiraceae,Rhodospirillales,Alphaproteobacteria,Pseudomonadota,gyrA,14,0,0
Thermaceae,Deinococcales,Deinococci,Deinococcota,gyrA,40,40,1
Thermacetogeniaceae,Thermacetogeniales,DSM-12270,Bacillota,gyrA,2,1,0.5
Thermaerobacteraceae,Thermaerobacterales,Sulfobacillia,Bacillota,gyrA,4,4,1
Thermatribacteraceae,Atribacterales,Atribacteria,Atribacterota,gyrA,1,0,0
Thermicanaceae,Thermicanales,Bacilli,Bacillota,gyrA,1,0,0
Thermincolaceae,Thermincolales,Thermincolia,Bacillota,gyrA,1,0,0
Thermithiobacillaceae,Acidithiobacillales,Gammaproteobacteria,Pseudomonadota,gyrA,2,0,0
Thermoactinomycetaceae,Thermoactinomycetales,Bacilli,Bacillota,gyrA,23,17,0.7391304347826086
Thermoanaerobacteraceae,Thermoanaerobacterales,Thermoanaerobacteria,Bacillota,gyrA,16,16,1
Thermoanaerobaculaceae,Thermoanaerobaculales,Thermoanaerobaculia,Acidobacteriota,gyrA,1,1,1
Thermobaculaceae,Thermobaculales,Chloroflexia,Chloroflexota,gyrA,1,0,0
Thermodesulfatatoraceae,Thermodesulfobacteriales,Thermodesulfobacteria,Desulfobacterota,gyrA,3,0,0
Thermodesulfobacteriaceae,Thermodesulfobacteriales,Thermodesulfobacteria,Desulfobacterota,gyrA,8,8,1
Thermodesulfobiaceae,Thermodesulfobiales,Thermodesulfobiia,Thermodesulfobiota,gyrA,3,0,0
Thermodesulforhabdaceae,Syntrophobacterales,Syntrophobacteria,Desulfobacterota,gyrA,1,1,1
Thermodesulfovibrionaceae,Thermodesulfovibrionales,Thermodesulfovibrionia,Nitrospirota,gyrA,6,0,0
Thermoflexibacteraceae,Cytophagales,Bacteroidia,Bacteroidota,gyrA,2,0,0
Thermoguttaceae,Pirellulales,Planctomycetia,Planctomycetota,gyrA,2,0,0
Thermohalobacteraceae,Tissierellales,Clostridia,Bacillota,gyrA,4,0,0
Thermoleophilaceae,Solirubrobacterales,Thermoleophilia,Actinomycetota,gyrA,1,1,1
Thermomicrobiaceae,Thermomicrobiales,Chloroflexia,Chloroflexota,gyrA,5,1,0.2
Thermonemataceae,Cytophagales,Bacteroidia,Bacteroidota,gyrA,2,2,1
Thermosediminibacteraceae,Thermosediminibacterales,Thermosediminibacteria,Bacillota,gyrA,4,4,1
Thermosinaceae,Sporomusales,Negativicutes,Bacillota,gyrA,2,0,0
Thermostichaceae,Thermostichales,Cyanobacteriia,Cyanobacteriota,gyrA,1,0,0
Thermosulfidibacteraceae,Thermosulfidibacterales,Thermosulfidibacteria,Thermosulfidibacterota,gyrA,1,1,1
Thermosynechococcaceae,Thermosynechococcales,Cyanobacteriia,Cyanobacteriota,gyrA,8,0,0
Thermotaleaceae,Peptostreptococcales,Clostridia,Bacillota,gyrA,10,1,0.1
Thermotogaceae,Thermotogales,Thermotogae,Thermotogota,gyrA,3,3,1
Thermotomaculaceae,Thermotomaculales,Holophagae,Acidobacteriota,gyrA,1,0,0
Thermovirgaceae,Synergistales,Synergistia,Synergistota,gyrA,1,0,0
Thiobacillaceae,Burkholderiales,Gammaproteobacteria,Pseudomonadota,gyrA,6,0,0
Thiobacteraceae,Burkholderiales,Gammaproteobacteria,Pseudomonadota,gyrA,2,0,0
Thiohalomonadaceae,Thiohalomonadales,Gammaproteobacteria,Pseudomonadota,gyrA,2,0,0
Thiohalophilaceae,UBA6429,Gammaproteobacteria,Pseudomonadota,gyrA,1,0,0
Thiohalorhabdaceae,Thiohalorhabdales,Gammaproteobacteria,Pseudomonadota,gyrA,2,2,1
Thiohalospiraceae,Thiohalospirales,Gammaproteobacteria,Pseudomonadota,gyrA,1,0,0
Thiomicrospiraceae,Thiomicrospirales,Gammaproteobacteria,Pseudomonadota,gyrA,23,1,0.043478260869565216
Thiotrichaceae,Thiotrichales,Gammaproteobacteria,Pseudomonadota,gyrA,17,0,0
Thorselliaceae,Enterobacterales,Gammaproteobacteria,Pseudomonadota,gyrA,2,0,0
Tichowtungiaceae,Kiritimatiellales,Kiritimatiellia,Verrucomicrobiota,gyrA,1,0,0
Tindalliaceae,Peptostreptococcales,Clostridia,Bacillota,gyrA,5,0,0
Tissierellaceae,Tissierellales,Clostridia,Bacillota,gyrA,10,4,0.4
Tistrellaceae,Tistrellales,Alphaproteobacteria,Pseudomonadota,gyrA,3,0,0
Treponemataceae,Treponematales,Spirochaetia,Spirochaetota,gyrA,26,25,0.9615384615384616
Trichloromonadaceae,Desulfuromonadales,Desulfuromonadia,Desulfobacterota,gyrA,1,0,0
Trueperaceae,Deinococcales,Deinococci,Deinococcota,gyrA,1,0,0
Tumebacillaceae,Tumebacillales,Bacilli,Bacillota,gyrA,6,4,0.6666666666666666
Turicibacteraceae,MOL361,Bacilli_A,Bacillota_I,gyrA,3,0,0
Turneriellaceae,Turneriellales,Leptospiria,Spirochaetota,gyrA,1,0,0
UBA10575,UBA10575,UBA4882,Bacillota,gyrA,1,1,1
UBA11063,Burkholderiales,Gammaproteobacteria,Pseudomonadota,gyrA,1,0,0
UBA1381,UBA1381,Clostridia,Bacillota,gyrA,1,1,1
UBA2363,Xanthomonadales,Gammaproteobacteria,Pseudomonadota,gyrA,1,0,0
UBA2595,Thermincolales,Thermincolia,Bacillota,gyrA,1,0,0
UBA4877,Thermoanaerobacterales,Thermoanaerobacteria,Bacillota,gyrA,1,1,1
UBA5335,UBA5335,Gammaproteobacteria,Pseudomonadota,gyrA,1,0,0
UBA5453,Acholeplasmatales,Bacilli_A,Bacillota_I,gyrA,3,0,0
UBA5962,Lachnospirales,Clostridia,Bacillota,gyrA,1,0,0
UBA6769,Bacillales,Bacilli,Bacillota,gyrA,1,1,1
UBA6910,Burkholderiales,Gammaproteobacteria,Pseudomonadota,gyrA,1,1,1
UBA7701,Sporomusales,Negativicutes,Bacillota,gyrA,1,0,0
UBA8190,Acidimicrobiales,Acidimicrobiia,Actinomycetota,gyrA,1,1,1
UBA8346,UBA8346,UBA4882,Bacillota,gyrA,1,1,1
UBA8639,Nitrospirales,Nitrospiria,Nitrospirota,gyrA,1,0,0
UBA9506,UBA1381,Clostridia,Bacillota,gyrA,1,1,1
UBA9655,UBA9655,Alphaproteobacteria,Pseudomonadota,gyrA,1,0,0
UMGS1260,UMGS1260,Negativicutes,Bacillota,gyrA,1,0,0
UMGS1810,UMGS1810,Clostridia,Bacillota,gyrA,1,1,1
Uabimicrobiaceae,Uabimicrobiales,Uabimicrobiia,Planctomycetota,gyrA,2,2,1
Usitatibacteraceae,Burkholderiales,Gammaproteobacteria,Pseudomonadota,gyrA,2,0,0
VENL01,Tissierellales,Clostridia,Bacillota,gyrA,2,0,0
Vagococcaceae,Lactobacillales,Bacilli,Bacillota,gyrA,25,1,0.04
Vallitaleaceae,Lachnospirales,Clostridia,Bacillota,gyrA,8,0,0
Veillonellaceae,Veillonellales,Negativicutes,Bacillota,gyrA,22,0,0
Velamenicoccaceae,Velamenicoccales,Gorgyraeia,Omnitrophota,gyrA,1,1,1
Verrucomicrobiaceae,Verrucomicrobiales,Verrucomicrobiia,Verrucomicrobiota,gyrA,10,10,1
Vibrionaceae,Enterobacterales,Gammaproteobacteria,Pseudomonadota,gyrA,257,3,0.011673151750972763
Vicinamibacteraceae,Vicinamibacterales,Vicinamibacteria,Acidobacteriota,gyrA,1,1,1
Vicingaceae,Flavobacteriales_E,Bacteroidia,Bacteroidota,gyrA,2,0,0
Victivallaceae,Victivallales,Lentisphaeria,Verrucomicrobiota,gyrA,2,1,0.5
Vulcanimicrobiaceae,Vulcanimicrobiales,Vulcanimicrobiia,Vulcanimicrobiota,gyrA,1,0,0
Vulgatibacteraceae,Myxococcales,Myxococcia,Myxococcota,gyrA,1,1,1
WRBN01,WRBN01,Spirochaetia,Spirochaetota,gyrA,3,3,1
Waddliaceae,Chlamydiales,Chlamydiia,Chlamydiota,gyrA,1,0,0
Weeksellaceae,Flavobacteriales,Bacteroidia,Bacteroidota,gyrA,211,4,0.018957345971563982
Wenzhouxiangellaceae,Xanthomonadales,Gammaproteobacteria,Pseudomonadota,gyrA,5,0,0
Williamwhitmaniaceae,Bacteroidales,Bacteroidia,Bacteroidota,gyrA,1,0,0
Winmispiraceae,Winmispirales,Spirochaetia,Spirochaetota,gyrA,2,0,0
Woeseiaceae,Steroidobacterales,Gammaproteobacteria,Pseudomonadota,gyrA,4,0,0
Wohlfahrtiimonadaceae,Cardiobacteriales,Gammaproteobacteria,Pseudomonadota,gyrA,8,1,0.125
Xanthobacteraceae,Rhizobiales,Alphaproteobacteria,Pseudomonadota,gyrA,167,21,0.12574850299401197
Xanthomonadaceae,Xanthomonadales,Gammaproteobacteria,Pseudomonadota,gyrA,268,13,0.048507462686567165
Xenococcaceae,Cyanobacteriales,Cyanobacteriia,Cyanobacteriota,gyrA,3,0,0
Xylanivirgaceae,Caldicoprobacterales,Clostridia,Bacillota,gyrA,1,0,0
ZOR0009,Bacteroidales,Bacteroidia,Bacteroidota,gyrA,1,0,0
Zavarziniaceae,Zavarziniales,Alphaproteobacteria,Pseudomonadota,gyrA,3,0,0
Zhaonellaceae,DUOV01,DUOV01,Bacillota,gyrA,1,0,0
Zooshikellaceae,Pseudomonadales,Gammaproteobacteria,Pseudomonadota,gyrA,5,0,0
NA,NA,NA,NA,gyrA,1812,498,0.27483443708609273
