accession_numbers,species,target_name,gene_copy,target_length,alig_score,core_dist,AA_pos_Ecoli,AA_mutation,AA_target,Codon_target,n_possible,mutation_name,genus,mutation_category
GCF_059725275.1,Kluyvera fluvialis,gyrA_1_Kluyvera fluvialis_GCF_059725275.1,1,2637,2913.9404296875,81,51,V,A,GCC,1,51_V,Kluyvera,possible
GCF_059725275.1,Kluyvera fluvialis,gyrA_1_Kluyvera fluvialis_GCF_059725275.1,1,2637,2913.9404296875,81,57,K,N,AAT,2,57_K,Kluyvera,possible
GCF_059725275.1,Kluyvera fluvialis,gyrA_1_Kluyvera fluvialis_GCF_059725275.1,1,2637,2913.9404296875,81,67,S,A,GCC,1,67_S,Kluyvera,possible
GCF_059725275.1,Kluyvera fluvialis,gyrA_1_Kluyvera fluvialis_GCF_059725275.1,1,2637,2913.9404296875,81,67,T,A,GCC,1,67_T,Kluyvera,possible
GCF_059725275.1,Kluyvera fluvialis,gyrA_1_Kluyvera fluvialis_GCF_059725275.1,1,2637,2913.9404296875,81,72,G,D,GAC,1,72_G,Kluyvera,possible
GCF_059725275.1,Kluyvera fluvialis,gyrA_1_Kluyvera fluvialis_GCF_059725275.1,1,2637,2913.9404296875,81,72,V,D,GAC,1,72_V,Kluyvera,possible
GCF_059725275.1,Kluyvera fluvialis,gyrA_1_Kluyvera fluvialis_GCF_059725275.1,1,2637,2913.9404296875,81,77,S,Y,TAC,1,77_S,Kluyvera,possible
GCF_059725275.1,Kluyvera fluvialis,gyrA_1_Kluyvera fluvialis_GCF_059725275.1,1,2637,2913.9404296875,81,80,P,H,CAT,1,80_P,Kluyvera,possible
GCF_059725275.1,Kluyvera fluvialis,gyrA_1_Kluyvera fluvialis_GCF_059725275.1,1,2637,2913.9404296875,81,80,R,H,CAT,1,80_R,Kluyvera,possible
GCF_059725275.1,Kluyvera fluvialis,gyrA_1_Kluyvera fluvialis_GCF_059725275.1,1,2637,2913.9404296875,81,81,C,G,GGT,1,81_C,Kluyvera,possible
GCF_059725275.1,Kluyvera fluvialis,gyrA_1_Kluyvera fluvialis_GCF_059725275.1,1,2637,2913.9404296875,81,81,D,G,GGT,1,81_D,Kluyvera,possible
GCF_059725275.1,Kluyvera fluvialis,gyrA_1_Kluyvera fluvialis_GCF_059725275.1,1,2637,2913.9404296875,81,82,G,D,GAT,1,82_G,Kluyvera,possible
GCF_059725275.1,Kluyvera fluvialis,gyrA_1_Kluyvera fluvialis_GCF_059725275.1,1,2637,2913.9404296875,81,82,N,D,GAT,1,82_N,Kluyvera,possible
GCF_059725275.1,Kluyvera fluvialis,gyrA_1_Kluyvera fluvialis_GCF_059725275.1,1,2637,2913.9404296875,81,82,Y,D,GAT,1,82_Y,Kluyvera,possible
GCF_059725275.1,Kluyvera fluvialis,gyrA_1_Kluyvera fluvialis_GCF_059725275.1,1,2637,2913.9404296875,81,83,A,S,TCC,1,83_A,Kluyvera,possible
GCF_059725275.1,Kluyvera fluvialis,gyrA_1_Kluyvera fluvialis_GCF_059725275.1,1,2637,2913.9404296875,81,83,F,S,TCC,1,83_F,Kluyvera,possible
GCF_059725275.1,Kluyvera fluvialis,gyrA_1_Kluyvera fluvialis_GCF_059725275.1,1,2637,2913.9404296875,81,83,I,S,TCC,0,83_I,Kluyvera,impossible
GCF_059725275.1,Kluyvera fluvialis,gyrA_1_Kluyvera fluvialis_GCF_059725275.1,1,2637,2913.9404296875,81,83,K,S,TCC,0,83_K,Kluyvera,impossible
GCF_059725275.1,Kluyvera fluvialis,gyrA_1_Kluyvera fluvialis_GCF_059725275.1,1,2637,2913.9404296875,81,83,L,S,TCC,0,83_L,Kluyvera,impossible
GCF_059725275.1,Kluyvera fluvialis,gyrA_1_Kluyvera fluvialis_GCF_059725275.1,1,2637,2913.9404296875,81,83,M,S,TCC,0,83_M,Kluyvera,impossible
GCF_059725275.1,Kluyvera fluvialis,gyrA_1_Kluyvera fluvialis_GCF_059725275.1,1,2637,2913.9404296875,81,83,R,S,TCC,0,83_R,Kluyvera,impossible
GCF_059725275.1,Kluyvera fluvialis,gyrA_1_Kluyvera fluvialis_GCF_059725275.1,1,2637,2913.9404296875,81,83,S,S,TCC,3,83_S,Kluyvera,present
GCF_059725275.1,Kluyvera fluvialis,gyrA_1_Kluyvera fluvialis_GCF_059725275.1,1,2637,2913.9404296875,81,83,V,S,TCC,0,83_V,Kluyvera,impossible
GCF_059725275.1,Kluyvera fluvialis,gyrA_1_Kluyvera fluvialis_GCF_059725275.1,1,2637,2913.9404296875,81,83,W,S,TCC,0,83_W,Kluyvera,impossible
GCF_059725275.1,Kluyvera fluvialis,gyrA_1_Kluyvera fluvialis_GCF_059725275.1,1,2637,2913.9404296875,81,83,Y,S,TCC,1,83_Y,Kluyvera,possible
GCF_059725275.1,Kluyvera fluvialis,gyrA_1_Kluyvera fluvialis_GCF_059725275.1,1,2637,2913.9404296875,81,84,A,A,GCG,3,84_A,Kluyvera,present
GCF_059725275.1,Kluyvera fluvialis,gyrA_1_Kluyvera fluvialis_GCF_059725275.1,1,2637,2913.9404296875,81,84,P,A,GCG,1,84_P,Kluyvera,possible
GCF_059725275.1,Kluyvera fluvialis,gyrA_1_Kluyvera fluvialis_GCF_059725275.1,1,2637,2913.9404296875,81,84,V,A,GCG,1,84_V,Kluyvera,possible
GCF_059725275.1,Kluyvera fluvialis,gyrA_1_Kluyvera fluvialis_GCF_059725275.1,1,2637,2913.9404296875,81,86,N,Y,TAT,1,86_N,Kluyvera,possible
GCF_059725275.1,Kluyvera fluvialis,gyrA_1_Kluyvera fluvialis_GCF_059725275.1,1,2637,2913.9404296875,81,86,Y,Y,TAT,1,86_Y,Kluyvera,present
GCF_059725275.1,Kluyvera fluvialis,gyrA_1_Kluyvera fluvialis_GCF_059725275.1,1,2637,2913.9404296875,81,87,A,D,GAC,1,87_A,Kluyvera,possible
GCF_059725275.1,Kluyvera fluvialis,gyrA_1_Kluyvera fluvialis_GCF_059725275.1,1,2637,2913.9404296875,81,87,G,D,GAC,1,87_G,Kluyvera,possible
GCF_059725275.1,Kluyvera fluvialis,gyrA_1_Kluyvera fluvialis_GCF_059725275.1,1,2637,2913.9404296875,81,87,H,D,GAC,1,87_H,Kluyvera,possible
GCF_059725275.1,Kluyvera fluvialis,gyrA_1_Kluyvera fluvialis_GCF_059725275.1,1,2637,2913.9404296875,81,87,K,D,GAC,0,87_K,Kluyvera,impossible
GCF_059725275.1,Kluyvera fluvialis,gyrA_1_Kluyvera fluvialis_GCF_059725275.1,1,2637,2913.9404296875,81,87,L,D,GAC,0,87_L,Kluyvera,impossible
GCF_059725275.1,Kluyvera fluvialis,gyrA_1_Kluyvera fluvialis_GCF_059725275.1,1,2637,2913.9404296875,81,87,N,D,GAC,1,87_N,Kluyvera,possible
GCF_059725275.1,Kluyvera fluvialis,gyrA_1_Kluyvera fluvialis_GCF_059725275.1,1,2637,2913.9404296875,81,87,Q,D,GAC,0,87_Q,Kluyvera,impossible
GCF_059725275.1,Kluyvera fluvialis,gyrA_1_Kluyvera fluvialis_GCF_059725275.1,1,2637,2913.9404296875,81,87,R,D,GAC,0,87_R,Kluyvera,impossible
GCF_059725275.1,Kluyvera fluvialis,gyrA_1_Kluyvera fluvialis_GCF_059725275.1,1,2637,2913.9404296875,81,87,T,D,GAC,0,87_T,Kluyvera,impossible
GCF_059725275.1,Kluyvera fluvialis,gyrA_1_Kluyvera fluvialis_GCF_059725275.1,1,2637,2913.9404296875,81,87,V,D,GAC,1,87_V,Kluyvera,possible
GCF_059725275.1,Kluyvera fluvialis,gyrA_1_Kluyvera fluvialis_GCF_059725275.1,1,2637,2913.9404296875,81,87,Y,D,GAC,1,87_Y,Kluyvera,possible
GCF_059725275.1,Kluyvera fluvialis,gyrA_1_Kluyvera fluvialis_GCF_059725275.1,1,2637,2913.9404296875,81,101,S,M,ATG,0,101_S,Kluyvera,impossible
GCF_059725275.1,Kluyvera fluvialis,gyrA_1_Kluyvera fluvialis_GCF_059725275.1,1,2637,2913.9404296875,81,105,D,G,GGC,1,105_D,Kluyvera,possible
GCF_059725275.1,Kluyvera fluvialis,gyrA_1_Kluyvera fluvialis_GCF_059725275.1,1,2637,2913.9404296875,81,106,H,Q,CAG,2,106_H,Kluyvera,possible
GCF_059725275.1,Kluyvera fluvialis,gyrA_1_Kluyvera fluvialis_GCF_059725275.1,1,2637,2913.9404296875,81,106,L,Q,CAG,1,106_L,Kluyvera,possible
GCF_059725275.1,Kluyvera fluvialis,gyrA_1_Kluyvera fluvialis_GCF_059725275.1,1,2637,2913.9404296875,81,106,R,Q,CAG,1,106_R,Kluyvera,possible
GCF_059725275.1,Kluyvera fluvialis,gyrA_1_Kluyvera fluvialis_GCF_059725275.1,1,2637,2913.9404296875,81,119,S,A,GCA,1,119_S,Kluyvera,possible
GCF_059725275.1,Kluyvera fluvialis,gyrA_1_Kluyvera fluvialis_GCF_059725275.1,1,2637,2913.9404296875,81,119,T,A,GCA,1,119_T,Kluyvera,possible
GCF_059725275.1,Kluyvera fluvialis,gyrA_1_Kluyvera fluvialis_GCF_059725275.1,1,2637,2913.9404296875,81,165,A,N,AAC,0,165_A,Kluyvera,impossible
GCF_059725275.1,Kluyvera fluvialis,gyrA_1_Kluyvera fluvialis_GCF_059725275.1,1,2637,2913.9404296875,81,196,E,A,GCG,1,196_E,Kluyvera,possible
GCF_059725275.1,Kluyvera fluvialis,gyrA_1_Kluyvera fluvialis_GCF_059725275.1,1,2637,2913.9404296875,81,386,D,A,GCG,0,386_D,Kluyvera,impossible
