order,class,phylum,gene,n,n_res,f_res
AKS1,Gammaproteobacteria,Pseudomonadota,gyrA,1,0,0
ATCC43930,Alphaproteobacteria,Pseudomonadota,gyrA,2,0,0
Abditibacteriales,Abditibacteriia,Armatimonadota,gyrA,1,0,0
Acanthopleuribacterales,Holophagae,Acidobacteriota,gyrA,2,1,0.5
Acetivibrionales,Clostridia,Bacillota,gyrA,17,17,1
Acetobacterales,Alphaproteobacteria,Pseudomonadota,gyrA,202,55,0.2722772277227723
Acholeplasmatales,Bacilli_A,Bacillota_I,gyrA,43,0,0
Acidaminococcales,Negativicutes,Bacillota,gyrA,10,3,0.3
Acidiferrobacterales,Gammaproteobacteria,Pseudomonadota,gyrA,3,0,0
Acidimicrobiales,Acidimicrobiia,Actinomycetota,gyrA,16,6,0.375
Acidithiobacillales,Gammaproteobacteria,Pseudomonadota,gyrA,19,1,0.05263157894736842
Acidothermales,Actinomycetes,Actinomycetota,gyrA,1,1,1
Actinomycetales,Actinomycetes,Actinomycetota,gyrA,1422,207,0.14556962025316456
Aggregatilineales,Anaerolineae,Chloroflexota,gyrA,2,0,0
Alicyclobacillales,Bacilli,Bacillota,gyrA,16,5,0.3125
Anaerolineales,Anaerolineae,Chloroflexota,gyrA,12,1,0.08333333333333333
Anaeromusales,Negativicutes,Bacillota,gyrA,1,0,0
Anaerosomatales,Coriobacteriia,Actinomycetota,gyrA,2,0,0
Aneurinibacillales,Bacilli,Bacillota,gyrA,12,5,0.4166666666666667
Ardenticatenales,Anaerolineae,Chloroflexota,gyrA,1,0,0
Arenicellales,Gammaproteobacteria,Pseudomonadota,gyrA,2,0,0
Armatimonadales,Armatimonadia,Armatimonadota,gyrA,2,1,0.5
Atribacterales,Atribacteria,Atribacterota,gyrA,3,0,0
Azospirillales,Alphaproteobacteria,Pseudomonadota,gyrA,52,0,0
B-17B0,Bacteroidia,Bacteroidota,gyrA,1,1,1
B231,Cyanobacteriia,Cyanobacteriota,gyrA,1,0,0
BOG-932,Alphaproteobacteria,Pseudomonadota,gyrA,1,0,0
Babelales,Babeliae,Babelota,gyrA,2,2,1
Bacillales,Bacilli,Bacillota,gyrA,806,68,0.08436724565756824
Bacillales_A,Bacilli,Bacillota,gyrA,156,5,0.03205128205128205
Bacteriovoracales,Bacteriovoracia,Bdellovibrionota,gyrA,5,5,1
Bacteroidales,Bacteroidia,Bacteroidota,gyrA,296,133,0.44932432432432434
Balneolales,Rhodothermia,Bacteroidota,gyrA,23,0,0
Bdellovibrionales,Bdellovibrionia,Bdellovibrionota,gyrA,5,3,0.6
Beggiatoales,Gammaproteobacteria,Pseudomonadota,gyrA,4,0,0
Berkiellales,Gammaproteobacteria,Pseudomonadota,gyrA,2,0,0
Borreliales,Spirochaetia,Spirochaetota,gyrA,43,0,0
Brachyspirales,Brachyspiria,Spirochaetota,gyrA,11,11,1
Bradymonadales,Bradymonadia,Myxococcota_A,gyrA,6,0,0
Brevibacillales,Bacilli,Bacillota,gyrA,32,2,0.0625
Brocadiales,Brocadiia,Planctomycetota,gyrA,4,0,0
Bryobacterales,Terriglobia,Acidobacteriota,gyrA,2,0,0
Burkholderiales,Gammaproteobacteria,Pseudomonadota,gyrA,1209,180,0.1488833746898263
CAJXXZ01,Alphaproteobacteria,Pseudomonadota,gyrA,4,2,0.5
CGMCC-115125,Alphaproteobacteria,Pseudomonadota,gyrA,1,0,0
Caedimonadales,Alphaproteobacteria,Pseudomonadota,gyrA,1,1,1
Caldalkalibacillales,Bacilli,Bacillota,gyrA,5,0,0
Calderihabitantales,KKC1,Bacillota,gyrA,1,1,1
Caldicellulosiruptorales,Thermoanaerobacteria,Bacillota,gyrA,10,10,1
Caldicoprobacterales,Clostridia,Bacillota,gyrA,4,3,0.75
Caldilineales,Anaerolineae,Chloroflexota,gyrA,3,1,0.3333333333333333
Caldisericales,Caldisericia,Caldisericota,gyrA,2,0,0
Calditerricolales,Bacilli,Bacillota,gyrA,2,2,1
Calditrichales,Calditrichia,Calditrichota,gyrA,1,0,0
Campylobacterales,Campylobacteria,Campylobacterota,gyrA,221,18,0.08144796380090498
Carboxydocellales,GCA-003054495,Bacillota,gyrA,1,0,0
Carboxydothermales,Z-2901,Bacillota,gyrA,4,4,1
Cardiobacteriales,Gammaproteobacteria,Pseudomonadota,gyrA,15,2,0.13333333333333333
Caulobacterales,Alphaproteobacteria,Pseudomonadota,gyrA,144,64,0.4444444444444444
Chitinivibrionales,Chitinivibrionia,Fibrobacterota,gyrA,2,0,0
Chitinophagales,Bacteroidia,Bacteroidota,gyrA,177,75,0.423728813559322
Chlamydiales,Chlamydiia,Chlamydiota,gyrA,34,1,0.029411764705882353
Chloracidobacteriales,Blastocatellia,Acidobacteriota,gyrA,3,2,0.6666666666666666
Chlorobiales,Chlorobiia,Bacteroidota,gyrA,14,0,0
Chloroflexales,Chloroflexia,Chloroflexota,gyrA,7,0,0
Chloroheliales,Chloroflexia,Chloroflexota,gyrA,1,0,0
Christensenellales,Clostridia,Bacillota,gyrA,17,1,0.058823529411764705
Chromatiales,Gammaproteobacteria,Pseudomonadota,gyrA,41,2,0.04878048780487805
Chrysiogenales,Chrysiogenetes,Chrysiogenota,gyrA,4,0,0
Chthoniobacterales,Verrucomicrobiia,Verrucomicrobiota,gyrA,2,1,0.5
Chthonomonadales,Chthonomonadetes,Armatimonadota,gyrA,1,1,1
Cloacimonadales,Cloacimonadia,Cloacimonadota,gyrA,2,0,0
Clostridiales,Clostridia,Bacillota,gyrA,206,35,0.16990291262135923
Comchoanobacterales,Gammaproteobacteria,Pseudomonadota,gyrA,2,0,0
Competibacterales,Gammaproteobacteria,Pseudomonadota,gyrA,4,0,0
Coriobacteriales,Coriobacteriia,Actinomycetota,gyrA,92,29,0.31521739130434784
Coxiellales,Gammaproteobacteria,Pseudomonadota,gyrA,9,9,1
Culicoidibacterales,Bacilli_A,Bacillota_I,gyrA,1,1,1
Cyanobacteriales,Cyanobacteriia,Cyanobacteriota,gyrA,167,6,0.03592814371257485
Cytophagales,Bacteroidia,Bacteroidota,gyrA,536,100,0.1865671641791045
DRI-13,Peptococcia,Bacillota,gyrA,1,0,0
DSM-100275,Gammaproteobacteria,Pseudomonadota,gyrA,1,1,1
DSM-13327,Negativicutes,Bacillota,gyrA,3,0,0
DSM-16000,Alphaproteobacteria,Pseudomonadota,gyrA,2,0,0
DSM-16054,Spirochaetia,Spirochaetota,gyrA,2,0,0
DSM-16500,Gammaproteobacteria,Pseudomonadota,gyrA,2,0,0
DSM-1736,Negativicutes,Bacillota,gyrA,1,0,0
DSM-19610,Gammaproteobacteria,Pseudomonadota,gyrA,1,0,0
DSM-22679,Bacilli,Bacillota,gyrA,1,1,1
DSM-2461,Spirochaetia,Spirochaetota,gyrA,2,1,0.5
DSM-26407,Gammaproteobacteria,Pseudomonadota,gyrA,1,1,1
DSM-27196,Spirochaetia,Spirochaetota,gyrA,3,0,0
DSM-5130,Gammaproteobacteria,Pseudomonadota,gyrA,4,0,0
DSM-8532,Clostridia,Bacillota,gyrA,2,2,1
DUOV01,DUOV01,Bacillota,gyrA,1,0,0
DY22613,Halanaerobiia,Bacillota,gyrA,1,1,1
Deferribacterales,Deferribacteres,Chrysiogenota,gyrA,14,5,0.35714285714285715
Deferrisomatales,Deferrisomatia,Desulfobacterota,gyrA,2,2,1
Dehalobacteriales,Dehalobacteriia,Bacillota,gyrA,2,0,0
Dehalococcoidales,Dehalococcoidia,Chloroflexota,gyrA,5,0,0
Deinococcales,Deinococci,Deinococcota,gyrA,133,51,0.38345864661654133
Desulfarculales,Desulfarculia,Desulfobacterota,gyrA,3,0,0
Desulfatiglandales,DSM-4660,Desulfobacterota,gyrA,2,1,0.5
Desulfitibacterales,DSM-16504,Bacillota,gyrA,1,0,0
Desulfitisporales,Desulfitisporia,Bacillota,gyrA,1,0,0
Desulfitobacteriales,Desulfitobacteriia,Bacillota,gyrA,27,2,0.07407407407407407
Desulfobaccales,Desulfobaccia,Desulfobacterota,gyrA,1,0,0
Desulfobacterales,Desulfobacteria,Desulfobacterota,gyrA,38,5,0.13157894736842105
Desulfobulbales,Desulfobulbia,Desulfobacterota,gyrA,27,1,0.037037037037037035
Desulfofervidales,Desulfofervidia,Desulfobacterota,gyrA,1,0,0
Desulfomonilales,Desulfomonilia,Desulfobacterota,gyrA,1,1,1
Desulfotomaculales,Desulfotomaculia,Bacillota,gyrA,31,17,0.5483870967741935
Desulfovibrionales,Desulfovibrionia,Desulfobacterota,gyrA,114,11,0.09649122807017543
Desulfurellales,Desulfurellia,Campylobacterota_A,gyrA,5,0,0
Desulfuribacillales,Bacilli,Bacillota,gyrA,2,0,0
Desulfurobacteriales,Aquificia,Aquificota,gyrA,6,0,0
Desulfuromonadales,Desulfuromonadia,Desulfobacterota,gyrA,20,0,0
Dethiobacterales,Dethiobacteria,Bacillota,gyrA,1,0,0
Dictyoglomales,Dictyoglomia,Dictyoglomota,gyrA,2,2,1
Dissulfuribacterales,Dissulfuribacteria,Desulfobacterota,gyrA,3,2,0.6666666666666666
Dongiales,Alphaproteobacteria,Pseudomonadota,gyrA,8,3,0.375
Ectothiorhodospirales,Gammaproteobacteria,Pseudomonadota,gyrA,16,0,0
Elainellales,Cyanobacteriia,Cyanobacteriota,gyrA,5,0,0
Elsterales,Alphaproteobacteria,Pseudomonadota,gyrA,3,2,0.6666666666666666
Elusimicrobiales,Elusimicrobia,Elusimicrobiota,gyrA,5,0,0
Endomicrobiales,Endomicrobiia,Elusimicrobiota,gyrA,2,1,0.5
Enterobacterales,Gammaproteobacteria,Pseudomonadota,gyrA,1397,57,0.0408017179670723
Erysipelotrichales,Bacilli_A,Bacillota_I,gyrA,62,8,0.12903225806451613
Eubacteriales,Clostridia,Bacillota,gyrA,36,10,0.2777777777777778
Euzebyales,Nitriliruptoria,Actinomycetota,gyrA,5,0,0
Exiguobacteriales,Bacilli,Bacillota,gyrA,18,0,0
FACHB-46,Cyanobacteriia,Cyanobacteriota,gyrA,1,0,0
Ferrovibrionales,Alphaproteobacteria,Pseudomonadota,gyrA,5,1,0.2
Fervidibacterales,Fervidibacteria,Armatimonadota,gyrA,1,1,1
Fibrobacterales,Fibrobacteria,Fibrobacterota,gyrA,4,3,0.75
Fidelibacterales,Fidelibacteria,Fidelibacterota,gyrA,1,0,0
Fimbriimonadales,Fimbriimonadia,Armatimonadota,gyrA,1,1,1
Flavobacteriales,Bacteroidia,Bacteroidota,gyrA,1229,24,0.01952807160292921
Flavobacteriales_D,Bacteroidia,Bacteroidota,gyrA,18,0,0
Flavobacteriales_E,Bacteroidia,Bacteroidota,gyrA,2,0,0
Flavobacteriales_G,Bacteroidia,Bacteroidota,gyrA,1,0,0
Francisellales,Gammaproteobacteria,Pseudomonadota,gyrA,19,0,0
Frankiales,Actinomycetes,Actinomycetota,gyrA,17,0,0
Fusobacteriales,Fusobacteriia,Fusobacteriota,gyrA,54,52,0.9629629629629629
Futianiales,Alphaproteobacteria,Pseudomonadota,gyrA,1,0,0
GCF-013343005,Gammaproteobacteria,Pseudomonadota,gyrA,1,0,0
Gaiellales,Thermoleophilia,Actinomycetota,gyrA,1,0,0
Geminicoccales,Alphaproteobacteria,Pseudomonadota,gyrA,7,1,0.14285714285714285
Gemmatales,Planctomycetia,Planctomycetota,gyrA,11,9,0.8181818181818182
Gemmatimonadales,Gemmatimonadetes,Gemmatimonadota,gyrA,6,0,0
Geobacterales,Desulfuromonadia,Desulfobacterota,gyrA,35,2,0.05714285714285714
Gloeobacterales,Cyanobacteriia,Cyanobacteriota,gyrA,4,0,0
Gloeomargaritales,Cyanobacteriia,Cyanobacteriota,gyrA,1,1,1
Granulosicoccales,Gammaproteobacteria,Pseudomonadota,gyrA,1,0,0
Halanaerobiales,Halanaerobiia,Bacillota,gyrA,12,2,0.16666666666666666
Haliangiales,Polyangia,Myxococcota_A,gyrA,1,0,0
Halobacteroidales,Halanaerobiia,Bacillota,gyrA,10,9,0.9
Haloplasmatales,Bacilli_A,Bacillota_I,gyrA,1,0,0
Halothiobacillales,Gammaproteobacteria,Pseudomonadota,gyrA,5,0,0
Heliobacteriales,Desulfitobacteriia,Bacillota,gyrA,9,3,0.3333333333333333
Holophagales,Holophagae,Acidobacteriota,gyrA,15,0,0
Holosporales,Alphaproteobacteria,Pseudomonadota,gyrA,5,5,1
Ignavibacteriales,Ignavibacteria,Bacteroidota,gyrA,6,1,0.16666666666666666
Immundisolibacterales,Gammaproteobacteria,Pseudomonadota,gyrA,1,0,0
Isosphaerales,Planctomycetia,Planctomycetota,gyrA,17,1,0.058823529411764705
Izemoplasmatales,Bacilli_A,Bacillota_I,gyrA,3,0,0
JAAYUW01,JAAYUW01,Spirochaetota,gyrA,1,0,0
JADQBR01,JADQBR01,Bacillota,gyrA,1,0,0
JC444,Spirochaetia,Spirochaetota,gyrA,1,1,1
Jiangellales,Actinomycetes,Actinomycetota,gyrA,15,0,0
Johnevansiales,Gammaproteobacteria,Pseudomonadota,gyrA,1,0,0
Kiloniellales,Alphaproteobacteria,Pseudomonadota,gyrA,21,4,0.19047619047619047
Kiritimatiellales,Kiritimatiellia,Verrucomicrobiota,gyrA,5,0,0
Koleobacterales,Thermosediminibacteria,Bacillota,gyrA,1,0,0
Kolteriales,Planctomycetia,Planctomycetota,gyrA,1,0,0
Ktedonobacterales,Ktedonobacteria,Chloroflexota,gyrA,17,16,0.9411764705882353
Kyrpidiales,Bacilli,Bacillota,gyrA,2,2,1
Lachnospirales,Clostridia,Bacillota,gyrA,235,197,0.8382978723404255
Lactobacillales,Bacilli,Bacillota,gyrA,864,41,0.047453703703703706
Legionellales,Gammaproteobacteria,Pseudomonadota,gyrA,69,1,0.014492753623188406
Lentisphaerales,Lentisphaeria,Verrucomicrobiota,gyrA,3,0,0
Leptolyngbyales,Cyanobacteriia,Cyanobacteriota,gyrA,13,0,0
Leptospirales,Leptospiria,Spirochaetota,gyrA,74,32,0.43243243243243246
Leptospirillales,Leptospirillia,Nitrospirota,gyrA,2,1,0.5
Limisphaerales,Verrucomicrobiia,Verrucomicrobiota,gyrA,3,1,0.3333333333333333
Limnochordales,Limnochordia,Bacillota,gyrA,2,2,1
Longimicrobiales,Gemmatimonadetes,Gemmatimonadota,gyrA,2,0,0
Lucifugimonadales,Dehalococcoidia,Chloroflexota,gyrA,1,0,0
Lutisporales,Clostridia,Bacillota,gyrA,2,2,1
MOL361,Bacilli_A,Bacillota_I,gyrA,3,0,0
Magnetococcales,Magnetococcia,Pseudomonadota,gyrA,5,2,0.4
Mahellales,Clostridia,Bacillota,gyrA,1,1,1
Mariprofundales,Zetaproteobacteria,Pseudomonadota,gyrA,6,0,0
Mesoaciditogales,Thermotogae,Thermotogota,gyrA,2,0,0
Methylacidiphilales,Verrucomicrobiia,Verrucomicrobiota,gyrA,7,0,0
Methylococcales,Gammaproteobacteria,Pseudomonadota,gyrA,52,4,0.07692307692307693
Methylohalomonadales,Gammaproteobacteria,Pseudomonadota,gyrA,1,0,0
Methylomirabilales,Methylomirabilia,Methylomirabilota,gyrA,1,0,0
Micavibrionales,Alphaproteobacteria,Pseudomonadota,gyrA,1,0,0
Micropepsales,Alphaproteobacteria,Pseudomonadota,gyrA,2,0,0
Miltoncostaeales,Thermoleophilia,Actinomycetota,gyrA,2,0,0
Minisyncoccales,Minisyncoccia,Patescibacteriota,gyrA,1,0,0
Minwuiales,Alphaproteobacteria,Pseudomonadota,gyrA,1,0,0
Monoglobales,Clostridia,Bacillota,gyrA,2,1,0.5
Motilibacterales,Actinomycetes,Actinomycetota,gyrA,4,0,0
Mycobacteriales,Actinomycetes,Actinomycetota,gyrA,1125,175,0.15555555555555556
Mycoplasmatales,Bacilli_A,Bacillota_I,gyrA,253,53,0.20948616600790515
Myxococcales,Myxococcia,Myxococcota,gyrA,53,10,0.18867924528301888
Nannocystales,Polyangia,Myxococcota_A,gyrA,7,4,0.5714285714285714
Nanopelagicales,Actinomycetes,Actinomycetota,gyrA,9,0,0
Natranaerobiales,Natranaerobiia,Bacillota,gyrA,3,3,1
Natronospirales,Gammaproteobacteria,Pseudomonadota,gyrA,3,0,0
Neomoorellales,DSM-521,Bacillota,gyrA,8,8,1
Nevskiales,Gammaproteobacteria,Pseudomonadota,gyrA,27,2,0.07407407407407407
Nitriliruptorales,Nitriliruptoria,Actinomycetota,gyrA,3,0,0
Nitrococcales,Gammaproteobacteria,Pseudomonadota,gyrA,21,5,0.23809523809523808
Nitrosococcales,Gammaproteobacteria,Pseudomonadota,gyrA,13,4,0.3076923076923077
Nitrospinales,Nitrospinia,Nitrospinota,gyrA,2,0,0
Nitrospirales,Nitrospiria,Nitrospirota,gyrA,1,0,0
Oceanibaculales,Alphaproteobacteria,Pseudomonadota,gyrA,3,0,0
Oligoflexales,Oligoflexia,Bdellovibrionota_B,gyrA,2,0,0
Opitutales,Verrucomicrobiia,Verrucomicrobiota,gyrA,35,3,0.08571428571428572
Oscillospirales,Clostridia,Bacillota,gyrA,119,107,0.8991596638655462
PCC-6307,Cyanobacteriia,Cyanobacteriota,gyrA,5,0,0
PS1,Gammaproteobacteria,Pseudomonadota,gyrA,3,0,0
Paenibacillales,Bacilli,Bacillota,gyrA,394,98,0.24873096446700507
Paracaedibacterales,Alphaproteobacteria,Pseudomonadota,gyrA,2,0,0
Parvibaculales,Alphaproteobacteria,Pseudomonadota,gyrA,4,0,0
Pelagibacterales,Alphaproteobacteria,Pseudomonadota,gyrA,2,0,0
Peptococcales,Peptococcia,Bacillota,gyrA,3,0,0
Peptostreptococcales,Clostridia,Bacillota,gyrA,111,18,0.16216216216216217
Petrotogales,Thermotogae,Thermotogota,gyrA,21,16,0.7619047619047619
Phormidesmidales,Cyanobacteriia,Cyanobacteriota,gyrA,8,0,0
Phycisphaerales,Phycisphaerae,Planctomycetota,gyrA,5,2,0.4
Pirellulales,Planctomycetia,Planctomycetota,gyrA,65,2,0.03076923076923077
Piscirickettsiales,Gammaproteobacteria,Pseudomonadota,gyrA,1,0,0
Planctomycetales,Planctomycetia,Planctomycetota,gyrA,35,1,0.02857142857142857
Polyangiales,Polyangia,Myxococcota_A,gyrA,21,9,0.42857142857142855
Prochlorotrichales,Cyanobacteriia,Cyanobacteriota,gyrA,1,0,0
Promineifilales,Anaerolineae,Chloroflexota,gyrA,1,1,1
Propionibacteriales,Actinomycetes,Actinomycetota,gyrA,323,2,0.006191950464396285
Propionisporales,Negativicutes,Bacillota,gyrA,2,0,0
Proteinivoracales,Proteinivoracia,Bacillota,gyrA,5,0,0
Pseudanabaenales,Cyanobacteriia,Cyanobacteriota,gyrA,10,0,0
Pseudomonadales,Gammaproteobacteria,Pseudomonadota,gyrA,1197,47,0.03926482873851295
Puniceispirillales,Alphaproteobacteria,Pseudomonadota,gyrA,1,0,0
Pyrinomonadales,Blastocatellia,Acidobacteriota,gyrA,1,1,1
RS24,Alphaproteobacteria,Pseudomonadota,gyrA,1,0,0
Radicibacterales,Alphaproteobacteria,Pseudomonadota,gyrA,1,0,0
Reyranellales,Alphaproteobacteria,Pseudomonadota,gyrA,5,1,0.2
Rhizobiales,Alphaproteobacteria,Pseudomonadota,gyrA,983,473,0.4811800610376399
Rhodobacterales,Alphaproteobacteria,Pseudomonadota,gyrA,732,130,0.17759562841530055
Rhodospirillales,Alphaproteobacteria,Pseudomonadota,gyrA,45,2,0.044444444444444446
Rhodothermales,Rhodothermia,Bacteroidota,gyrA,17,3,0.17647058823529413
Rickettsiales,Alphaproteobacteria,Pseudomonadota,gyrA,423,241,0.5697399527186762
Rubeoparvulales,Bacilli,Bacillota,gyrA,1,1,1
Rubrobacterales,Rubrobacteria,Actinomycetota,gyrA,9,2,0.2222222222222222
S36-B12,Actinomycetes,Actinomycetota,gyrA,1,0,0
SBBL01,Nitrospiria,Nitrospirota,gyrA,1,1,1
SG130,Negativicutes,Bacillota,gyrA,1,0,0
SK-Y3,Clostridia,Bacillota,gyrA,1,1,1
SKNC01,Dethiobacteria,Bacillota,gyrA,1,1,1
SP-2023,Spirochaetia,Spirochaetota,gyrA,1,0,0
SSC4,Anaerolineae,Chloroflexota,gyrA,1,1,1
Saccharimonadales,Saccharimonadia,Patescibacteriota,gyrA,8,1,0.125
Saccharofermentanales,Clostridia,Bacillota,gyrA,4,3,0.75
Sedimentisphaerales,Phycisphaerae,Planctomycetota,gyrA,6,5,0.8333333333333334
Selenomonadales,Negativicutes,Bacillota,gyrA,26,0,0
Silvanigrellales,Oligoflexia,Bdellovibrionota_B,gyrA,2,2,1
Sneathiellales,Alphaproteobacteria,Pseudomonadota,gyrA,9,0,0
Solirubrobacterales,Thermoleophilia,Actinomycetota,gyrA,22,9,0.4090909090909091
Sphaerochaetales,Spirochaetia,Spirochaetota,gyrA,8,7,0.875
Sphingobacteriales,Bacteroidia,Bacteroidota,gyrA,282,97,0.34397163120567376
Sphingomonadales,Alphaproteobacteria,Pseudomonadota,gyrA,549,88,0.16029143897996356
Sporichthyales,Actinomycetes,Actinomycetota,gyrA,2,0,0
Sporomusales,Negativicutes,Bacillota,gyrA,17,0,0
Staphylococcales,Bacilli,Bacillota,gyrA,132,13,0.09848484848484848
Steroidobacterales,Gammaproteobacteria,Pseudomonadota,gyrA,9,0,0
Streptomycetales,Actinomycetes,Actinomycetota,gyrA,921,49,0.053203040173724216
Streptosporangiales,Actinomycetes,Actinomycetota,gyrA,256,62,0.2421875
Sulfobacillales,Sulfobacillia,Bacillota,gyrA,2,1,0.5
Symbiobacteriales,Sulfobacillia,Bacillota,gyrA,4,1,0.25
Synechococcales,Cyanobacteriia,Cyanobacteriota,gyrA,4,0,0
Synergistales,Synergistia,Synergistota,gyrA,27,13,0.48148148148148145
Syntrophales,Syntrophia,Desulfobacterota,gyrA,3,3,1
Syntrophobacterales,Syntrophobacteria,Desulfobacterota,gyrA,9,5,0.5555555555555556
Syntrophomonadales,Syntrophomonadia,Bacillota,gyrA,9,7,0.7777777777777778
Syntrophorhabdales,Syntrophorhabdia,Desulfobacterota,gyrA,1,0,0
Tepidibacillales,Bacilli,Bacillota,gyrA,5,3,0.6
Tepidiformales,Dehalococcoidia,Chloroflexota,gyrA,3,0,0
Tepidisphaerales,Phycisphaerae,Planctomycetota,gyrA,2,2,1
Terriglobales,Terriglobia,Acidobacteriota,gyrA,37,3,0.08108108108108109
Thalassobaculales,Alphaproteobacteria,Pseudomonadota,gyrA,7,0,0
Thermacetogeniales,DSM-12270,Bacillota,gyrA,2,1,0.5
Thermaerobacterales,Sulfobacillia,Bacillota,gyrA,4,4,1
Thermicanales,Bacilli,Bacillota,gyrA,3,2,0.6666666666666666
Thermincolales,Thermincolia,Bacillota,gyrA,2,0,0
Thermoactinomycetales,Bacilli,Bacillota,gyrA,45,35,0.7777777777777778
Thermoanaerobacterales,Thermoanaerobacteria,Bacillota,gyrA,19,19,1
Thermoanaerobaculales,Thermoanaerobaculia,Acidobacteriota,gyrA,1,1,1
Thermobaculales,Chloroflexia,Chloroflexota,gyrA,1,0,0
Thermodesulfobacteriales,Thermodesulfobacteria,Desulfobacterota,gyrA,12,9,0.75
Thermodesulfobiales,Thermodesulfobiia,Thermodesulfobiota,gyrA,3,0,0
Thermodesulfovibrionales,Thermodesulfovibrionia,Nitrospirota,gyrA,11,0,0
Thermomicrobiales,Chloroflexia,Chloroflexota,gyrA,5,1,0.2
Thermosediminibacterales,Thermosediminibacteria,Bacillota,gyrA,7,7,1
Thermostichales,Cyanobacteriia,Cyanobacteriota,gyrA,1,0,0
Thermosulfidibacterales,Thermosulfidibacteria,Thermosulfidibacterota,gyrA,1,1,1
Thermosynechococcales,Cyanobacteriia,Cyanobacteriota,gyrA,8,0,0
Thermotogales,Thermotogae,Thermotogota,gyrA,23,19,0.8260869565217391
Thermotomaculales,Holophagae,Acidobacteriota,gyrA,1,0,0
Thiohalomonadales,Gammaproteobacteria,Pseudomonadota,gyrA,2,0,0
Thiohalorhabdales,Gammaproteobacteria,Pseudomonadota,gyrA,2,2,1
Thiohalospirales,Gammaproteobacteria,Pseudomonadota,gyrA,1,0,0
Thiomicrospirales,Gammaproteobacteria,Pseudomonadota,gyrA,23,1,0.043478260869565216
Thiotrichales,Gammaproteobacteria,Pseudomonadota,gyrA,17,0,0
Tissierellales,Clostridia,Bacillota,gyrA,126,15,0.11904761904761904
Tistrellales,Alphaproteobacteria,Pseudomonadota,gyrA,3,0,0
Treponematales,Spirochaetia,Spirochaetota,gyrA,30,28,0.9333333333333333
Tumebacillales,Bacilli,Bacillota,gyrA,12,4,0.3333333333333333
Turneriellales,Leptospiria,Spirochaetota,gyrA,1,0,0
UBA10575,UBA4882,Bacillota,gyrA,1,1,1
UBA1135,UBA1135,Planctomycetota,gyrA,3,0,0
UBA1381,Clostridia,Bacillota,gyrA,2,2,1
UBA5335,Gammaproteobacteria,Pseudomonadota,gyrA,1,0,0
UBA6186,Gammaproteobacteria,Pseudomonadota,gyrA,1,1,1
UBA6429,Gammaproteobacteria,Pseudomonadota,gyrA,1,0,0
UBA8346,UBA4882,Bacillota,gyrA,1,1,1
UBA8366,Alphaproteobacteria,Pseudomonadota,gyrA,6,0,0
UBA9655,Alphaproteobacteria,Pseudomonadota,gyrA,1,0,0
UMGS1260,Negativicutes,Bacillota,gyrA,1,0,0
UMGS1810,Clostridia,Bacillota,gyrA,1,1,1
Uabimicrobiales,Uabimicrobiia,Planctomycetota,gyrA,2,2,1
Veillonellales,Negativicutes,Bacillota,gyrA,44,3,0.06818181818181818
Velamenicoccales,Gorgyraeia,Omnitrophota,gyrA,1,1,1
Verrucomicrobiales,Verrucomicrobiia,Verrucomicrobiota,gyrA,34,15,0.4411764705882353
Vicinamibacterales,Vicinamibacteria,Acidobacteriota,gyrA,1,1,1
Victivallales,Lentisphaeria,Verrucomicrobiota,gyrA,2,1,0.5
Vulcanimicrobiales,Vulcanimicrobiia,Vulcanimicrobiota,gyrA,1,0,0
WRBN01,Spirochaetia,Spirochaetota,gyrA,3,3,1
Winmispirales,Spirochaetia,Spirochaetota,gyrA,2,0,0
XJ16,Gammaproteobacteria,Pseudomonadota,gyrA,1,0,0
Xanthomonadales,Gammaproteobacteria,Pseudomonadota,gyrA,379,73,0.19261213720316622
Zavarziniales,Alphaproteobacteria,Pseudomonadota,gyrA,3,0,0
NA,NA,NA,gyrA,1812,498,0.27483443708609273
